dataset,model,tag,kind,res,codec,budget,eer
colorferet,arcface_antelopev2,aligned_112,aligned,112,,0,0.00042840039545487745
colorferet,arcface_antelopev2,aligned_168,aligned,168,,0,0.0003563808157430691
colorferet,arcface_antelopev2,aligned_224,aligned,224,,0,0.00033394665011112385
colorferet,arcface_antelopev2,aligned_64,aligned,64,,0,0.0008643512070590608
colorferet,arcface_antelopev2,aligned_96,aligned,96,,0,0.0004778191428680739
colorferet,cvlface_ir101,aligned_112,aligned,112,,0,8.373666252778095e-05
colorferet,cvlface_ir101,aligned_168,aligned,168,,0,6.246916356250238e-05
colorferet,cvlface_ir101,aligned_224,aligned,224,,0,4.403499793055715e-05
colorferet,cvlface_ir101,aligned_64,aligned,64,,0,0.00027886123603126076
colorferet,cvlface_ir101,aligned_96,aligned,96,,0,0.00010183749482639288
colorferet,cvlface_vit_b,aligned_112,aligned,112,,0,0.0005523387225798823
colorferet,cvlface_vit_b,aligned_168,aligned,168,,0,0.00041668331263890483
colorferet,cvlface_vit_b,aligned_224,aligned,224,,0,0.00041834997930557147
colorferet,cvlface_vit_b,aligned_64,aligned,64,,0,0.0010186074492986503
colorferet,cvlface_vit_b,aligned_96,aligned,96,,0,0.0005327378902812703
colorferet,edgeface_base,aligned_112,aligned,112,,0,0.0004446174782708501
colorferet,edgeface_base,aligned_168,aligned,168,,0,0.00044966789442015605
colorferet,edgeface_base,aligned_224,aligned,224,,0,0.0003972491470069596
colorferet,edgeface_base,aligned_64,aligned,64,,0,0.0012260653561354633
colorferet,edgeface_base,aligned_96,aligned,96,,0,0.0005734395548784941
colorferet,edgeface_s,aligned_112,aligned,112,,0,0.002381378631524397
colorferet,edgeface_s,aligned_168,aligned,168,,0,0.002249056554916753
colorferet,edgeface_s,aligned_224,aligned,224,,0,0.002234455722618141
colorferet,edgeface_s,aligned_64,aligned,64,,0,0.00322707859013554
colorferet,edgeface_s,aligned_96,aligned,96,,0,0.0022698240538820314
colorferet,edgeface_xs,aligned_112,aligned,112,,0,0.0038638710580591756
colorferet,edgeface_xs,aligned_168,aligned,168,,0,0.0037051806501876413
colorferet,edgeface_xs,aligned_224,aligned,224,,0,0.0037572002298994493
colorferet,edgeface_xs,aligned_64,aligned,64,,0,0.005137087662642557
colorferet,edgeface_xs,aligned_96,aligned,96,,0,0.004068495631562655
colorferet,edgeface_xxs,aligned_112,aligned,112,,0,0.008426786664788518
colorferet,edgeface_xxs,aligned_168,aligned,168,,0,0.008289697089215595
colorferet,edgeface_xxs,aligned_224,aligned,224,,0,0.008590042907028106
colorferet,edgeface_xxs,aligned_64,aligned,64,,0,0.009473545362535085
colorferet,edgeface_xxs,aligned_96,aligned,96,,0,0.008592942074729494
colorferet,lvface_b,aligned_112,aligned,112,,0,0.0011765303582049061
colorferet,lvface_b,aligned_168,aligned,168,,0,0.000994622867517399
colorferet,lvface_b,aligned_224,aligned,224,,0,0.0009685220352187871
colorferet,lvface_b,aligned_64,aligned,64,,0,0.001735586163600761
colorferet,lvface_b,aligned_96,aligned,96,,0,0.001032157865447956
colorferet,lvface_l,aligned_112,aligned,112,,0,0.002480165710201484
colorferet,lvface_l,aligned_168,aligned,168,,0,0.0015337445072813086
colorferet,lvface_l,aligned_224,aligned,224,,0,0.0014687753437188063
colorferet,lvface_l,aligned_64,aligned,64,,0,0.0027314261139341324
colorferet,lvface_l,aligned_96,aligned,96,,0,0.0016386324182570075
colorferet,lvface_s,aligned_112,aligned,112,,0,0.003905406055989733
colorferet,lvface_s,aligned_168,aligned,168,,0,0.002765809863416772
colorferet,lvface_s,aligned_224,aligned,224,,0,0.0026983406998542696
colorferet,lvface_s,aligned_64,aligned,64,,0,0.004891978507357826
colorferet,lvface_s,aligned_96,aligned,96,,0,0.003030171099448033
colorferet,lvface_t,aligned_112,aligned,112,,0,0.005612305973212019
colorferet,lvface_t,aligned_168,aligned,168,,0,0.0043189227019619705
colorferet,lvface_t,aligned_224,aligned,224,,0,0.004353356867593916
colorferet,lvface_t,aligned_64,aligned,64,,0,0.007560985873878762
colorferet,lvface_t,aligned_96,aligned,96,,0,0.005044951832413388
kk,arcface_antelopev2,aligned_112,aligned,112,,0,0.002074880343275892
kk,arcface_antelopev2,aligned_168,aligned,168,,0,0.0020187418510404028
kk,arcface_antelopev2,aligned_224,aligned,224,,0,0.0019909780384310136
kk,arcface_antelopev2,aligned_64,aligned,64,,0,0.0039369494909312335
kk,arcface_antelopev2,aligned_96,aligned,96,,0,0.0023055422524107623
kk,cvlface_ir101,aligned_112,aligned,112,,0,0.0022578064311617506
kk,cvlface_ir101,aligned_168,aligned,168,,0,0.002192296369194759
kk,cvlface_ir101,aligned_224,aligned,224,,0,0.00216940760235307
kk,cvlface_ir101,aligned_64,aligned,64,,0,0.0035135837771563265
kk,cvlface_ir101,aligned_96,aligned,96,,0,0.0024442949046283597
kk,cvlface_vit_b,aligned_112,aligned,112,,0,0.002842171046511858
kk,cvlface_vit_b,aligned_168,aligned,168,,0,0.002721369729787499
kk,cvlface_vit_b,aligned_224,aligned,224,,0,0.002681835152496327
kk,cvlface_vit_b,aligned_64,aligned,64,,0,0.004111222816295214
kk,cvlface_vit_b,aligned_96,aligned,96,,0,0.002952628784865092
kk,edgeface_base,aligned_112,aligned,112,,0,0.004768645975048275
kk,edgeface_base,aligned_168,aligned,168,,0,0.004590900457973871
kk,edgeface_base,aligned_224,aligned,224,,0,0.0045380085812375855
kk,edgeface_base,aligned_64,aligned,64,,0,0.007256694264177432
kk,edgeface_base,aligned_96,aligned,96,,0,0.005015991747959998
kk,edgeface_s,aligned_112,aligned,112,,0,0.009738419465011047
kk,edgeface_s,aligned_168,aligned,168,,0,0.009531219136407207
kk,edgeface_s,aligned_224,aligned,224,,0,0.009384046616092946
kk,edgeface_s,aligned_64,aligned,64,,0,0.013616240891815384
kk,edgeface_s,aligned_96,aligned,96,,0,0.01022977786057196
kk,edgeface_xs,aligned_112,aligned,112,,0,0.014000276748293154
kk,edgeface_xs,aligned_168,aligned,168,,0,0.013611956222988811
kk,edgeface_xs,aligned_224,aligned,224,,0,0.013413585934752907
kk,edgeface_xs,aligned_64,aligned,64,,0,0.018612017125531153
kk,edgeface_xs,aligned_96,aligned,96,,0,0.01443951695862336
kk,edgeface_xxs,aligned_112,aligned,112,,0,0.02194491155140463
kk,edgeface_xxs,aligned_168,aligned,168,,0,0.02127656413316471
kk,edgeface_xxs,aligned_224,aligned,224,,0,0.02112825275447336
kk,edgeface_xxs,aligned_64,aligned,64,,0,0.02734520333459339
kk,edgeface_xxs,aligned_96,aligned,96,,0,0.022426505951285355
kk,lvface_b,aligned_112,aligned,112,,0,0.002885059630282747
kk,lvface_b,aligned_168,aligned,168,,0,0.0028607716684907773
kk,lvface_b,aligned_224,aligned,224,,0,0.00287030624578195
kk,lvface_b,aligned_64,aligned,64,,0,0.004504116338359699
kk,lvface_b,aligned_96,aligned,96,,0,0.003141971447882217
kk,lvface_l,aligned_112,aligned,112,,0,0.0030231664720508614
kk,lvface_l,aligned_168,aligned,168,,0,0.0028938894875798833
kk,lvface_l,aligned_224,aligned,224,,0,0.002831233615163408
kk,lvface_l,aligned_64,aligned,64,,0,0.004514817582317538
kk,lvface_l,aligned_96,aligned,96,,0,0.0032281584215536675
kk,lvface_s,aligned_112,aligned,112,,0,0.004215701410865632
kk,lvface_s,aligned_168,aligned,168,,0,0.0030954855350978057
kk,lvface_s,aligned_224,aligned,224,,0,0.003067315575465742
kk,lvface_s,aligned_64,aligned,64,,0,0.005309587429336321
kk,lvface_s,aligned_96,aligned,96,,0,0.003201793986965359
kk,lvface_t,aligned_112,aligned,112,,0,0.005663790135551558
kk,lvface_t,aligned_168,aligned,168,,0,0.0048600482798931526
kk,lvface_t,aligned_224,aligned,224,,0,0.004808600603506911
kk,lvface_t,aligned_64,aligned,64,,0,0.008085237985772594
kk,lvface_t,aligned_96,aligned,96,,0,0.005280452230066229
kk,topofr_r100,aligned_112,aligned,112,,0,0.0017191046403005133
kk,topofr_r100,aligned_168,aligned,168,,0,0.0016436640990574658
kk,topofr_r100,aligned_224,aligned,224,,0,0.0016114906633892046
kk,topofr_r100,aligned_64,aligned,64,,0,0.0029946979394474362
kk,topofr_r100,aligned_96,aligned,96,,0,0.001840451145495436
kk,topofr_r200,aligned_112,aligned,112,,0,0.0014722588673887903
kk,topofr_r200,aligned_168,aligned,168,,0,0.0014933177769333433
kk,topofr_r200,aligned_224,aligned,224,,0,0.0015042656363903847
kk,topofr_r200,aligned_64,aligned,64,,0,0.002575613601533705
kk,topofr_r200,aligned_96,aligned,96,,0,0.0015387376450300071
