dataset,model,tag,kind,res,codec,budget,resize_cos
colorferet,arcface_antelopev2,aligned_112,aligned,112,,0,1.0
colorferet,arcface_antelopev2,aligned_168,aligned,168,,0,0.9815750122070312
colorferet,arcface_antelopev2,aligned_224,aligned,224,,0,0.9804727435112
colorferet,arcface_antelopev2,aligned_64,aligned,64,,0,0.9182132482528687
colorferet,arcface_antelopev2,aligned_96,aligned,96,,0,0.9642751216888428
colorferet,cvlface_ir101,aligned_112,aligned,112,,0,1.0
colorferet,cvlface_ir101,aligned_168,aligned,168,,0,0.9841305613517761
colorferet,cvlface_ir101,aligned_224,aligned,224,,0,0.9838449954986572
colorferet,cvlface_ir101,aligned_64,aligned,64,,0,0.9306557178497314
colorferet,cvlface_ir101,aligned_96,aligned,96,,0,0.9687895774841309
colorferet,cvlface_vit_b,aligned_112,aligned,112,,0,1.0
colorferet,cvlface_vit_b,aligned_168,aligned,168,,0,0.9867445230484009
colorferet,cvlface_vit_b,aligned_224,aligned,224,,0,0.9862871766090393
colorferet,cvlface_vit_b,aligned_64,aligned,64,,0,0.9443904161453247
colorferet,cvlface_vit_b,aligned_96,aligned,96,,0,0.9752659797668457
colorferet,edgeface_base,aligned_112,aligned,112,,0,1.0
colorferet,edgeface_base,aligned_168,aligned,168,,0,0.9866915941238403
colorferet,edgeface_base,aligned_224,aligned,224,,0,0.9860626459121704
colorferet,edgeface_base,aligned_64,aligned,64,,0,0.9355968832969666
colorferet,edgeface_base,aligned_96,aligned,96,,0,0.9741939306259155
colorferet,edgeface_s,aligned_112,aligned,112,,0,1.0
colorferet,edgeface_s,aligned_168,aligned,168,,0,0.9906175136566162
colorferet,edgeface_s,aligned_224,aligned,224,,0,0.9899299144744873
colorferet,edgeface_s,aligned_64,aligned,64,,0,0.9525426626205444
colorferet,edgeface_s,aligned_96,aligned,96,,0,0.9821125268936157
colorferet,edgeface_xs,aligned_112,aligned,112,,0,1.0
colorferet,edgeface_xs,aligned_168,aligned,168,,0,0.9905725121498108
colorferet,edgeface_xs,aligned_224,aligned,224,,0,0.9898576736450195
colorferet,edgeface_xs,aligned_64,aligned,64,,0,0.953112781047821
colorferet,edgeface_xs,aligned_96,aligned,96,,0,0.9825713634490967
colorferet,edgeface_xxs,aligned_112,aligned,112,,0,1.0
colorferet,edgeface_xxs,aligned_168,aligned,168,,0,0.9893136024475098
colorferet,edgeface_xxs,aligned_224,aligned,224,,0,0.9884304404258728
colorferet,edgeface_xxs,aligned_64,aligned,64,,0,0.9477712512016296
colorferet,edgeface_xxs,aligned_96,aligned,96,,0,0.9802731275558472
colorferet,lvface_b,aligned_112,aligned,112,,0,1.0
colorferet,lvface_b,aligned_168,aligned,168,,0,0.8758159279823303
colorferet,lvface_b,aligned_224,aligned,224,,0,0.8660179972648621
colorferet,lvface_b,aligned_64,aligned,64,,0,0.8036216497421265
colorferet,lvface_b,aligned_96,aligned,96,,0,0.8587620258331299
colorferet,lvface_l,aligned_112,aligned,112,,0,1.0
colorferet,lvface_l,aligned_168,aligned,168,,0,0.9337913990020752
colorferet,lvface_l,aligned_224,aligned,224,,0,0.9232233762741089
colorferet,lvface_l,aligned_64,aligned,64,,0,0.7866296768188477
colorferet,lvface_l,aligned_96,aligned,96,,0,0.910204291343689
colorferet,lvface_s,aligned_112,aligned,112,,0,1.0
colorferet,lvface_s,aligned_168,aligned,168,,0,0.9532597661018372
colorferet,lvface_s,aligned_224,aligned,224,,0,0.9443369507789612
colorferet,lvface_s,aligned_64,aligned,64,,0,0.7904887795448303
colorferet,lvface_s,aligned_96,aligned,96,,0,0.9152945280075073
colorferet,lvface_t,aligned_112,aligned,112,,0,1.0
colorferet,lvface_t,aligned_168,aligned,168,,0,0.9739083647727966
colorferet,lvface_t,aligned_224,aligned,224,,0,0.971367359161377
colorferet,lvface_t,aligned_64,aligned,64,,0,0.9034351110458374
colorferet,lvface_t,aligned_96,aligned,96,,0,0.9559334516525269
kk,arcface_antelopev2,aligned_112,aligned,112,,0,1.0
kk,arcface_antelopev2,aligned_168,aligned,168,,0,0.9944232106208801
kk,arcface_antelopev2,aligned_224,aligned,224,,0,0.9936202764511108
kk,arcface_antelopev2,aligned_64,aligned,64,,0,0.9380056858062744
kk,arcface_antelopev2,aligned_96,aligned,96,,0,0.9842877388000488
kk,cvlface_ir101,aligned_112,aligned,112,,0,1.0
kk,cvlface_ir101,aligned_168,aligned,168,,0,0.9951571822166443
kk,cvlface_ir101,aligned_224,aligned,224,,0,0.9944042563438416
kk,cvlface_ir101,aligned_64,aligned,64,,0,0.9482932686805725
kk,cvlface_ir101,aligned_96,aligned,96,,0,0.9875155687332153
kk,cvlface_vit_b,aligned_112,aligned,112,,0,1.0
kk,cvlface_vit_b,aligned_168,aligned,168,,0,0.9959189891815186
kk,cvlface_vit_b,aligned_224,aligned,224,,0,0.9949150085449219
kk,cvlface_vit_b,aligned_64,aligned,64,,0,0.95926833152771
kk,cvlface_vit_b,aligned_96,aligned,96,,0,0.9911904335021973
kk,edgeface_base,aligned_112,aligned,112,,0,1.0
kk,edgeface_base,aligned_168,aligned,168,,0,0.9968299269676208
kk,edgeface_base,aligned_224,aligned,224,,0,0.9963499307632446
kk,edgeface_base,aligned_64,aligned,64,,0,0.9523195028305054
kk,edgeface_base,aligned_96,aligned,96,,0,0.9909800291061401
kk,edgeface_s,aligned_112,aligned,112,,0,1.0
kk,edgeface_s,aligned_168,aligned,168,,0,0.997681736946106
kk,edgeface_s,aligned_224,aligned,224,,0,0.9971350431442261
kk,edgeface_s,aligned_64,aligned,64,,0,0.966528058052063
kk,edgeface_s,aligned_96,aligned,96,,0,0.994391143321991
kk,edgeface_xs,aligned_112,aligned,112,,0,1.0
kk,edgeface_xs,aligned_168,aligned,168,,0,0.9976094961166382
kk,edgeface_xs,aligned_224,aligned,224,,0,0.9969236850738525
kk,edgeface_xs,aligned_64,aligned,64,,0,0.9677150249481201
kk,edgeface_xs,aligned_96,aligned,96,,0,0.9945472478866577
kk,edgeface_xxs,aligned_112,aligned,112,,0,1.0
kk,edgeface_xxs,aligned_168,aligned,168,,0,0.99724942445755
kk,edgeface_xxs,aligned_224,aligned,224,,0,0.9963232278823853
kk,edgeface_xxs,aligned_64,aligned,64,,0,0.9659385085105896
kk,edgeface_xxs,aligned_96,aligned,96,,0,0.994147539138794
kk,lvface_b,aligned_112,aligned,112,,0,1.0
kk,lvface_b,aligned_168,aligned,168,,0,0.8119980096817017
kk,lvface_b,aligned_224,aligned,224,,0,0.8093669414520264
kk,lvface_b,aligned_64,aligned,64,,0,0.7324675917625427
kk,lvface_b,aligned_96,aligned,96,,0,0.7880964279174805
kk,lvface_l,aligned_112,aligned,112,,0,1.0
kk,lvface_l,aligned_168,aligned,168,,0,0.896878719329834
kk,lvface_l,aligned_224,aligned,224,,0,0.8986715078353882
kk,lvface_l,aligned_64,aligned,64,,0,0.7096629738807678
kk,lvface_l,aligned_96,aligned,96,,0,0.8344137668609619
kk,lvface_s,aligned_112,aligned,112,,0,1.0
kk,lvface_s,aligned_168,aligned,168,,0,0.9568325281143188
kk,lvface_s,aligned_224,aligned,224,,0,0.9576886296272278
kk,lvface_s,aligned_64,aligned,64,,0,0.7887545824050903
kk,lvface_s,aligned_96,aligned,96,,0,0.9110195636749268
kk,lvface_t,aligned_112,aligned,112,,0,1.0
kk,lvface_t,aligned_168,aligned,168,,0,0.9854452610015869
kk,lvface_t,aligned_224,aligned,224,,0,0.9837726950645447
kk,lvface_t,aligned_64,aligned,64,,0,0.9234973192214966
kk,lvface_t,aligned_96,aligned,96,,0,0.9713100790977478
kk,topofr_r100,aligned_112,aligned,112,,0,1.0
kk,topofr_r100,aligned_168,aligned,168,,0,0.9946389198303223
kk,topofr_r100,aligned_224,aligned,224,,0,0.9937315583229065
kk,topofr_r100,aligned_64,aligned,64,,0,0.9471004605293274
kk,topofr_r100,aligned_96,aligned,96,,0,0.9853028059005737
kk,topofr_r200,aligned_64,aligned,64,,0,
