dataset,res,nyquist_cyc,frac_energy_retained,frac_energy_removed_vs_ref,ref_res,n_images
colorferet,64,32,0.9992448461396859,0.0007551538603141061,224,400
colorferet,96,48,0.9996681480899895,0.0003318519100105055,224,400
colorferet,112,56,0.9997638366848159,0.00023616331518405698,224,400
colorferet,168,84,0.9999256083286818,7.43916713181747e-05,224,400
colorferet,224,112,1.0,0.0,224,400
kk,64,32,0.9989759097003484,0.0010240902996515588,224,400
kk,96,48,0.9996170709924179,0.00038292900758207793,224,400
kk,112,56,0.9997460827557215,0.0002539172442784787,224,400
kk,168,84,0.9999315020227997,6.849797720032136e-05,224,400
kk,224,112,1.0,0.0,224,400
