variant,dataset,res,budget,group,n,byte_fill,psnr,ssim,bright_delta,color_cast,nonfinite,flag
ours_fast,colorferet,112,1024,all,8,0.982,27.53,0.744,-0.0015,0.0005,0,ok
ours_fast,colorferet,112,512,all,8,0.979,26.92,0.713,-0.0009,0.0006,0,ok
ours_fast,colorferet,224,1024,all,8,0.99,29.1,0.745,-0.0011,0.0009,0,ok
ours_fast,colorferet,224,512,all,8,0.988,27.34,0.68,-0.0024,0.0009,0,ok
ours_fast,kk,112,1024,all,8,0.982,26.14,0.812,-0.0007,0.0026,0,ok
ours_fast,kk,112,1024,light,2,0.983,24.06,0.764,-0.0021,0.0006,0,ok
ours_fast,kk,112,1024,mid,8,0.983,25.67,0.784,-0.0011,0.0024,0,ok
ours_fast,kk,112,1024,dark,8,0.985,26.26,0.812,-0.0004,0.0022,0,ok
ours_fast,kk,112,512,all,8,0.982,25.05,0.77,-0.0012,0.0033,0,ok
ours_fast,kk,112,512,light,2,0.99,23.4,0.731,-0.0025,0.0009,0,ok
ours_fast,kk,112,512,mid,8,0.982,24.52,0.739,-0.0016,0.0034,0,ok
ours_fast,kk,112,512,dark,8,0.982,25.1,0.769,-0.001,0.0028,0,ok
ours_fast,kk,224,1024,all,8,0.984,28.92,0.827,-0.0007,0.0016,0,ok
ours_fast,kk,224,1024,light,2,0.985,26.29,0.747,-0.0017,0.0012,0,ok
ours_fast,kk,224,1024,mid,8,0.982,27.83,0.774,-0.0011,0.0017,0,ok
ours_fast,kk,224,1024,dark,8,0.985,29.34,0.833,-0.001,0.0016,0,ok
ours_fast,kk,224,512,all,8,1.092,26.75,0.77,-0.0011,0.0025,0,ok
ours_fast,kk,224,512,light,2,1.096,24.62,0.695,-0.0011,0.0021,0,ok
ours_fast,kk,224,512,mid,8,1.124,25.97,0.717,-0.002,0.0026,0,ok
ours_fast,kk,224,512,dark,8,1.128,27.08,0.777,-0.0018,0.0022,0,ok
ours_accurate,colorferet,112,1024,all,8,0.984,29.01,0.798,-0.0013,0.0006,0,ok
ours_accurate,colorferet,112,512,all,8,0.995,27.99,0.761,-0.0014,0.0004,0,ok
ours_accurate,colorferet,224,1024,all,8,0.98,29.23,0.748,-0.0022,0.0011,0,ok
ours_accurate,colorferet,224,512,all,8,0.988,26.67,0.665,-0.0049,0.0014,0,ok
ours_accurate,kk,112,1024,all,8,0.986,26.86,0.798,0.0108,0.0021,0,ok
ours_accurate,kk,112,1024,light,2,0.985,25.1,0.802,0.0023,0.0008,0,ok
ours_accurate,kk,112,1024,mid,8,0.982,26.77,0.8,0.0071,0.0015,0,ok
ours_accurate,kk,112,1024,dark,8,0.988,27.0,0.772,0.0128,0.0028,0,ok
ours_accurate,kk,112,512,all,8,0.979,25.66,0.764,0.0106,0.0028,0,ok
ours_accurate,kk,112,512,light,2,0.975,24.15,0.765,0.0022,0.0008,0,ok
ours_accurate,kk,112,512,mid,8,0.983,25.44,0.759,0.0067,0.0024,0,ok
ours_accurate,kk,112,512,dark,8,0.979,25.65,0.735,0.0124,0.0038,0,ok
ours_accurate,kk,224,1024,all,8,0.977,27.24,0.736,0.0107,0.0024,0,ok
ours_accurate,kk,224,1024,light,2,0.974,25.78,0.731,-0.0006,0.0014,0,ok
ours_accurate,kk,224,1024,mid,8,0.979,26.98,0.721,0.0068,0.0019,0,ok
ours_accurate,kk,224,1024,dark,8,0.979,27.48,0.726,0.0129,0.0035,0,ok
ours_accurate,kk,224,512,all,8,0.981,25.08,0.667,0.0091,0.0028,0,ok
ours_accurate,kk,224,512,light,2,0.967,23.56,0.653,-0.0024,0.0015,0,ok
ours_accurate,kk,224,512,mid,8,0.977,24.66,0.645,0.0053,0.0024,0,ok
ours_accurate,kk,224,512,dark,8,0.981,25.15,0.655,0.0108,0.0039,0,ok
