dataset,res,budget,codec,n,fiq_mean,fiq_median,fiq_drop_vs_original
kk,112,1024,original,250,0.9534581587314606,0.9567305743694304,0.0
kk,112,1024,jpeg,250,0.938681253671646,0.9417202174663544,0.0147769050598144
kk,112,1024,jpeg2000,250,0.9454146728515626,0.9485006928443908,0.008043485879898
kk,112,1024,webp,250,0.9536270351409912,0.9563902914524078,-0.0001688764095306
kk,112,1024,jpeg_xl,250,0.9559920709133148,0.9588839113712312,-0.0025339121818542
kk,112,1024,avif,250,0.9550321261882782,0.9586374461650848,-0.0015739674568176
kk,112,1024,heif,250,0.95383567237854,0.956094354391098,-0.0003775136470794
kk,112,1024,jpeg_fzt,250,0.9584413726329803,0.9612731337547302,-0.0049832139015197
kk,112,1024,ours_fast,250,0.9505019149780274,0.9535421431064606,0.0029562437534332
kk,112,512,original,250,0.9534581587314606,0.9567305743694304,0.0
kk,112,512,jpeg,250,0.8473683173656463,0.8597740530967712,0.1060898413658142
kk,112,512,jpeg2000,250,0.913485587120056,0.920563280582428,0.0399725716114044
kk,112,512,webp,250,0.9512993047237396,0.954685777425766,0.0021588540077209
kk,112,512,jpeg_xl,250,0.9475546078681946,0.9502498209476472,0.0059035508632659
kk,112,512,avif,250,0.9451114249229432,0.9490847289562224,0.0083467338085174
kk,112,512,heif,250,0.9285304431915284,0.9339928925037384,0.0249277155399322
kk,112,512,jpeg_fzt,250,0.9373520114421844,0.9414802193641664,0.0161061472892761
kk,112,512,ours_fast,250,0.946991060256958,0.9507552087306976,0.0064670984745025
kk,224,1024,original,250,0.9558031525611878,0.9588659107685088,0.0
kk,224,1024,jpeg,250,0.9297334113121032,0.9326647222042084,0.0260697412490844
kk,224,1024,jpeg2000,250,0.949572552204132,0.9524213969707488,0.0062306003570556
kk,224,1024,webp,250,0.9560268366336824,0.959015816450119,-0.0002236840724945
kk,224,1024,jpeg_xl,250,0.95634059882164,0.9587101638317108,-0.0005374462604522
kk,224,1024,avif,250,0.95633478474617,0.959261953830719,-0.0005316321849822
kk,224,1024,heif,250,0.9557494356632232,0.9595850706100464,5.371689796447754e-05
kk,224,1024,jpeg_fzt,250,0.9460358061790466,0.948955088853836,0.0097673463821411
kk,224,1024,ours_fast,250,0.95524054813385,0.9585961997509004,0.0005626044273376
kk,224,512,original,250,0.9558031525611878,0.9588659107685088,0.0
kk,224,512,jpeg,250,0.9184970276355744,0.924085021018982,0.0373061249256134
kk,224,512,jpeg2000,250,0.9238204801082612,0.9273172914981842,0.0319826724529266
kk,224,512,webp,250,0.9559647405147552,0.958754688501358,-0.0001615879535675
kk,224,512,jpeg_xl,250,0.9564257502555849,0.9584132730960846,-0.0006225976943969
kk,224,512,avif,250,0.9555608584880828,0.9577655494213104,0.0002422940731048
kk,224,512,heif,250,0.951976624250412,0.9552330076694489,0.0038265283107757
kk,224,512,jpeg_fzt,250,0.8809000804424286,0.889699786901474,0.0749030721187591
kk,224,512,ours_fast,250,0.9533869411945344,0.9550184011459352,0.0024162113666534
kk,112,1024,jpeg_ai,250,0.9534547359943388,0.9562216103076936,3.4227371215820312e-06
kk,112,512,jpeg_ai,250,0.9522055213451386,0.9549608826637268,0.001252637386322
kk,224,1024,jpeg_ai,250,0.954188152074814,0.9572734236717224,0.0016150004863739
kk,224,512,jpeg_ai,250,0.9538351867198944,0.95664981007576,0.0019679658412933
kk,112,1024,ours_accurate,250,0.9530187165737152,0.9562586545944214,0.00043944215774536133
kk,112,512,ours_accurate,250,0.9508902115821838,0.953993946313858,0.0025679471492767334
kk,224,1024,ours_accurate,250,0.9545245018005372,0.9575280547142029,0.0012786507606506348
kk,224,512,ours_accurate,250,0.9512619528770446,0.9546442925930023,0.004541199684143066
