dataset,codec,budget,n,p5,median
colorferet,jpeg_ai,512,11331,0.7424060106277466,0.8334307670593262
colorferet,ours_accurate,512,11335,0.8016465306282043,0.8737319707870483
colorferet,ours_fast,512,11335,0.6356015801429749,0.7625255584716797
colorferet,webp,512,11335,0.5969679355621338,0.7389928698539734
colorferet,avif,512,11335,0.3328629732131958,0.542899489402771
kk,jpeg_ai,512,17534,0.6795306205749512,0.8133456707000732
kk,ours_accurate,512,17534,0.7631692886352539,0.8442943096160889
kk,ours_fast,512,17534,0.5905353426933289,0.727302074432373
kk,webp,512,17534,0.5808888077735901,0.7247248888015747
kk,avif,512,17534,0.3129405677318573,0.5070141553878784
