dataset,codec,res,budget,n,psnr,ssim,ms_ssim,lpips,dists
kk,avif,64,512,17534,24.82042694091797,0.8245782467359971,0.9600851535797119,0.0945163145661354,0.18502488732337952
kk,avif,64,1024,17534,31.626298904418945,0.9545570260896332,0.9914689064025879,0.008895537350326777,0.07813772559165955
kk,avif,96,512,17534,24.324684143066406,0.7580589364441292,0.9273324906826019,0.21352437883615494,0.23534482717514038
kk,avif,96,1024,17534,30.016277313232422,0.9116399086295848,0.9818769693374634,0.037341028451919556,0.12158137559890747
kk,avif,112,512,17534,24.266422271728516,0.7416357969550967,0.9139909744262695,0.25030258297920227,0.2461795210838318
kk,avif,112,1024,17534,29.83572006225586,0.8979621746576489,0.9772714674472809,0.05674668401479721,0.1303938627243042
kk,avif,168,512,17534,26.31175994873047,0.7817510261007723,0.9166345596313477,0.2655658721923828,0.23132693767547607
kk,avif,168,1024,17534,29.40012264251709,0.8614399119895453,0.9583185613155365,0.1480332463979721,0.163518488407135
kk,avif,224,512,17534,27.985746383666992,0.8180174799938349,0.9237652719020844,0.23748062551021576,0.2125491499900818
kk,avif,224,1024,17534,29.282219886779785,0.8469337032504571,0.9419954419136047,0.19249599426984787,0.18468335270881653
kk,heif,64,512,17534,22.920016288757324,0.7442242447435591,0.9299191832542419,0.17025399208068848,0.23129156231880188
kk,heif,64,1024,17534,31.141100883483887,0.955513024228853,0.9883536398410797,0.013380925636738539,0.09499713778495789
kk,heif,96,512,17534,22.658607482910156,0.6807190596635035,0.8860908150672913,0.31911227107048035,0.2859461009502411
kk,heif,96,1024,17534,29.70524501800537,0.9101369376043773,0.9768060445785522,0.04197454825043678,0.1298026144504547
kk,heif,112,512,17534,22.5616397857666,0.664641365546135,0.8655267059803009,0.34821654856204987,0.2950422763824463
kk,heif,112,1024,17534,29.435707092285156,0.8937863420711879,0.9714640974998474,0.061324724927544594,0.13761350512504578
kk,heif,168,512,17534,24.423903465270996,0.7191317253932936,0.8722819685935974,0.3442360609769821,0.27692267298698425
kk,heif,168,1024,17534,28.85549545288086,0.8504138422512424,0.9512892663478851,0.15306077897548676,0.16969022154808044
kk,heif,224,512,17534,25.957514762878418,0.7614396821391969,0.8822254240512848,0.3078816682100296,0.254729300737381
kk,heif,224,1024,17534,28.732008934020996,0.8323213179225103,0.9331063330173492,0.19928712397813797,0.1903010606765747
kk,jpeg,64,512,17534,22.47179412841797,0.7551289350338624,0.9291070401668549,0.11998830735683441,0.26950106024742126
kk,jpeg,64,1024,17534,28.05777645111084,0.9155784001434055,0.9845759868621826,0.01685622613877058,0.11451214551925659
kk,jpeg,96,512,17534,20.749829292297363,0.6180980698737423,0.8319654762744904,0.32000575959682465,0.37683814764022827
kk,jpeg,96,1024,17534,27.09822940826416,0.8597170354185475,0.9652201533317566,0.06044614128768444,0.16656336188316345
kk,jpeg,112,512,17534,20.461787223815918,0.590543435549971,0.7992404103279114,0.3892402648925781,0.3950810134410858
kk,jpeg,112,1024,17534,26.772977828979492,0.834790760309297,0.952154278755188,0.0843108743429184,0.19934257864952087
kk,jpeg,168,512,17534,21.474687576293945,0.6067875732691337,0.7725992798805237,0.4853912591934204,0.40483972430229187
kk,jpeg,168,1024,17534,24.818772315979004,0.7260208656739071,0.8703725337982178,0.2900244891643524,0.3508516550064087
kk,jpeg,224,512,17534,22.118325233459473,0.6297678627975699,0.7615121006965637,0.530956894159317,0.40709471702575684
kk,jpeg,224,1024,17534,22.57038688659668,0.6508703221712571,0.7882656753063202,0.4872227907180786,0.3934036195278168
kk,jpeg2000,64,512,17534,19.528886795043945,0.5759784359498078,0.827719122171402,0.47111402451992035,0.31860971450805664
kk,jpeg2000,64,1024,17534,23.546259880065918,0.779452315343317,0.9420627057552338,0.11278876289725304,0.208966463804245
kk,jpeg2000,96,512,17534,20.60452938079834,0.5910070379588797,0.8122535943984985,0.4887661784887314,0.3311910629272461
kk,jpeg2000,96,1024,17534,24.736040115356445,0.7706941867262156,0.9319350123405457,0.15460649132728577,0.21869680285453796
kk,jpeg2000,112,512,17534,20.730690002441406,0.5825731713389732,0.7868728935718536,0.5249188840389252,0.3461824357509613
kk,jpeg2000,112,1024,17534,24.463189125061035,0.7417764865772651,0.9117842316627502,0.22099197655916214,0.23936739563941956
kk,jpeg2000,168,512,17534,21.01452350616455,0.5909515217886672,0.7382882237434387,0.6063978970050812,0.37063825130462646
kk,jpeg2000,168,1024,17534,24.863850593566895,0.7293477586179338,0.8838304281234741,0.3613288849592209,0.2676423192024231
kk,jpeg2000,224,512,17534,21.038175582885742,0.6136020035421998,0.7073520720005035,0.5964652895927429,0.37367913126945496
kk,jpeg2000,224,1024,17534,24.824453353881836,0.7238007953049677,0.852863997220993,0.41846029460430145,0.2900189459323883
kk,jpeg_ai,112,512,17534,28.2594575881958,0.8927565473931091,0.9736306965351105,0.10276339203119278,0.1623246669769287
kk,jpeg_ai,112,1024,17534,30.466233253479004,0.9299024124835653,0.9840081334114075,0.05557161383330822,0.13876619935035706
kk,jpeg_ai,224,512,17534,28.494786262512207,0.8560983335723464,0.944620281457901,0.23311450332403183,0.2134275734424591
kk,jpeg_ai,224,1024,17534,31.182954788208008,0.9102620547350824,0.9693321883678436,0.13826341181993484,0.1517861783504486
kk,jpeg_fzt,64,512,17534,22.349525451660156,0.7404770085024244,0.9367853999137878,0.22676825523376465,0.24563929438591003
kk,jpeg_fzt,64,1024,17534,23.847390174865723,0.8299370183985211,0.9668424129486084,0.13163919001817703,0.18555676937103271
kk,jpeg_fzt,96,512,17534,22.73753547668457,0.7016129641590354,0.9057722687721252,0.32088902592658997,0.2893112003803253
kk,jpeg_fzt,96,1024,17534,25.410076141357422,0.8315906850358341,0.9621449112892151,0.16339584439992905,0.1897466778755188
kk,jpeg_fzt,112,512,17534,22.52309799194336,0.6715749977057577,0.8777449131011963,0.36993253231048584,0.3177371025085449
kk,jpeg_fzt,112,1024,17534,25.829517364501953,0.8218076914646977,0.9565388560295105,0.1873786523938179,0.19338861107826233
kk,jpeg_fzt,168,512,17534,20.419082641601562,0.5891275713555515,0.76173135638237,0.5384722948074341,0.3932682275772095
kk,jpeg_fzt,168,1024,17534,26.463863372802734,0.7933575712839039,0.9317313134670258,0.26577070355415344,0.22128182649612427
kk,jpeg_fzt,224,512,17534,20.84573745727539,0.6046935728145297,0.7196894288063049,0.5707463026046753,0.398700475692749
kk,jpeg_fzt,224,1024,17534,26.743971824645996,0.7840657820408266,0.9085601568222046,0.2954491674900055,0.2532557547092438
kk,jpeg_xl,64,512,17534,25.85029697418213,0.8561350769089293,0.970239520072937,0.0794319212436676,0.16234898567199707
kk,jpeg_xl,64,1024,17534,30.483942985534668,0.9480068283295198,0.9884339869022369,0.013975486159324646,0.09306073188781738
kk,jpeg_xl,96,512,17534,25.07184410095215,0.7788531250265124,0.9412104785442352,0.21789242327213287,0.2263352870941162
kk,jpeg_xl,96,1024,17534,28.785978317260742,0.8904178665033389,0.9769823849201202,0.07179873064160347,0.13991093635559082
kk,jpeg_xl,112,512,17533,24.741134643554688,0.7534891942519896,0.9227389097213745,0.2692831754684448,0.2453581690788269
kk,jpeg_xl,112,1024,17534,28.432522773742676,0.8694560466480967,0.9702177345752716,0.11006618291139603,0.1556898057460785
kk,jpeg_xl,168,512,17534,26.62168312072754,0.7771072644329693,0.9180141091346741,0.2936786562204361,0.2425633668899536
kk,jpeg_xl,168,1024,17534,27.615509033203125,0.8110866408951303,0.9389940202236176,0.2478388026356697,0.20836186408996582
kk,jpeg_xl,224,512,17534,28.10982322692871,0.8058832692417413,0.9214149713516235,0.2642291933298111,0.2225925326347351
kk,jpeg_xl,224,1024,17534,28.13624095916748,0.8071278465714924,0.9225608706474304,0.26025110483169556,0.2203211486339569
kk,ours_accurate,64,512,17534,24.343310356140137,0.8199006644482172,0.972943127155304,0.014469810295850039,0.12560594081878662
kk,ours_accurate,64,1024,17534,24.410314559936523,0.8228811036958151,0.9737778306007385,0.014092964585870504,0.12388867139816284
kk,ours_accurate,96,512,17534,24.726669311523438,0.7868553979589026,0.9587059617042542,0.024839178659021854,0.1254286766052246
kk,ours_accurate,96,1024,17534,26.116819381713867,0.8286763043574521,0.973206639289856,0.016198252327740192,0.10748898983001709
kk,ours_accurate,112,512,17534,25.784103393554688,0.7991228053921762,0.9618596136569977,0.0223127705976367,0.11274084448814392
kk,ours_accurate,112,1024,17534,27.258811950683594,0.8446338774853064,0.9763309955596924,0.013997194357216358,0.09473884105682373
kk,ours_accurate,168,512,17534,24.307659149169922,0.7002184505109503,0.9082503914833069,0.07294294610619545,0.15826916694641113
kk,ours_accurate,168,1024,17534,26.999187469482422,0.7870611360898891,0.9547578394412994,0.033976128324866295,0.11637982726097107
kk,ours_accurate,224,512,17534,25.028263092041016,0.7077105264785251,0.8964917063713074,0.1019209772348404,0.16730517148971558
kk,ours_accurate,224,1024,17534,27.61688232421875,0.788817131886171,0.9466652274131775,0.0516816359013319,0.11896881461143494
kk,ours_fast,64,512,17534,22.461423873901367,0.7466243815765141,0.9544759392738342,0.0272048469632864,0.17380738258361816
kk,ours_fast,64,1024,17534,22.845138549804688,0.7639797583356762,0.9602415263652802,0.024544838815927505,0.1684361696243286
kk,ours_fast,96,512,17534,23.99714183807373,0.7616817408987486,0.9506041705608368,0.03542683459818363,0.15529868006706238
kk,ours_fast,96,1024,17534,25.025833129882812,0.8002958149341255,0.9651968479156494,0.025178239680826664,0.13403841853141785
kk,ours_fast,112,512,17534,24.792896270751953,0.7735202771674421,0.9516166746616364,0.03564448654651642,0.14530101418495178
kk,ours_fast,112,1024,17534,25.950241088867188,0.8128168134214231,0.9667868912220001,0.024370841681957245,0.12334650754928589
kk,ours_fast,168,512,17534,24.811415672302246,0.7334818160892795,0.9169537723064423,0.08073678985238075,0.1736564338207245
kk,ours_fast,168,1024,17534,26.569059371948242,0.7904420494113855,0.9488060772418976,0.04674690030515194,0.13720297813415527
kk,ours_fast,224,512,17534,26.614190101623535,0.7781015076054412,0.9240254759788513,0.08248833566904068,0.1566329002380371
kk,ours_fast,224,1024,17534,28.464255332946777,0.827025673539741,0.9519741833209991,0.05065442807972431,0.12287330627441406
kk,webp,64,512,17534,28.054255485534668,0.9110239794237915,0.9797715842723846,0.0260603129863739,0.1305796205997467
kk,webp,64,1024,17534,33.05189895629883,0.9690535064938293,0.9925758242607117,0.00660876021720469,0.06194651126861572
kk,webp,96,512,17534,26.86027240753174,0.8449251620211193,0.960285484790802,0.06669080629944801,0.18152391910552979
kk,webp,96,1024,17534,31.04386043548584,0.9272890964496154,0.9834965765476227,0.020177201367914677,0.11082124710083008
kk,webp,112,512,17534,26.78359317779541,0.830464547305495,0.9524736404418945,0.09204614534974098,0.18978041410446167
kk,webp,112,1024,17534,30.46027946472168,0.9093396004339929,0.9784990847110748,0.0321232657879591,0.13254287838935852
kk,webp,168,512,17534,28.419206619262695,0.8348684026669893,0.9435551166534424,0.1396806836128235,0.19298085570335388
kk,webp,168,1024,17534,29.13289737701416,0.8533921467227936,0.9539785981178284,0.11368120089173317,0.17618846893310547
kk,webp,224,512,17534,29.633051872253418,0.8505436251063063,0.9419518709182739,0.155254028737545,0.18859508633613586
kk,webp,224,1024,17534,29.647323608398438,0.8518535622877552,0.9435851871967316,0.14986880123615265,0.18502044677734375
