codec,device,res,budget,setting,median_bytes,enc_median_ms,enc_iqr_ms,enc_mean_ms,enc_std_ms,dec_median_ms,dec_iqr_ms,dec_mean_ms,dec_std_ms,n
jpeg,cpu,64,1024,64,1026,0.1347,0.0258,0.1899,0.4533,0.1444,0.0213,0.1778,0.2874,200
jpeg,cpu,64,512,14,553,0.1105,0.0131,0.1365,0.285,0.1439,0.0156,0.1776,0.3263,200
jpeg,cpu,96,1024,28,1019,0.1666,0.0091,0.2313,0.4939,0.1699,0.0211,0.1982,0.2846,200
jpeg,cpu,96,512,6,538,0.1445,0.0492,0.1614,0.0308,0.1685,0.0636,0.1833,0.0499,200
jpeg,cpu,112,1024,20,993,0.2635,0.0112,0.3255,0.4908,0.2691,0.0165,0.2718,0.0315,200
jpeg,cpu,112,512,4,522,0.1639,0.0236,0.2143,0.4031,0.1809,0.0326,0.1857,0.0268,200
jpeg,cpu,168,1024,8,938,0.3093,0.0456,0.3464,0.288,0.2433,0.0295,0.2606,0.0402,200
jpeg,cpu,168,512,2,629,0.293,0.0382,0.3268,0.2865,0.2355,0.0304,0.2881,0.4044,200
jpeg,cpu,224,1024,4,906,0.4019,0.0279,0.4617,0.4043,0.3469,0.0285,0.4043,0.409,200
jpeg,cpu,224,512,2,794,0.4073,0.0566,0.476,0.4055,0.3483,0.0438,0.4067,0.4034,200
webp,cpu,64,1024,80,822,2.4645,0.7622,2.7834,1.2091,0.3144,0.0494,0.3674,0.4054,200
webp,cpu,64,512,38,433,1.7938,0.5501,2.2554,1.3446,0.2687,0.0344,0.3495,0.5052,200
webp,cpu,96,1024,56,846,4.5115,4.1935,5.6957,2.7012,0.377,0.0892,0.5597,0.8099,200
webp,cpu,96,512,18,482,2.6165,0.6798,3.0816,1.3434,0.327,0.0396,0.3591,0.2948,200
webp,cpu,112,1024,40,831,4.2278,1.4697,4.904,1.7494,0.4188,0.0658,0.4907,0.4961,200
webp,cpu,112,512,10,466,3.0858,0.8723,3.7117,1.5768,0.3647,0.0559,0.4411,0.5016,200
webp,cpu,168,1024,16,890,8.1852,4.139,8.8249,2.6024,0.6176,0.1916,0.8381,0.8456,200
webp,cpu,168,512,2,573,5.9664,3.9967,7.0728,2.2143,0.557,0.0801,0.6019,0.3107,200
webp,cpu,224,1024,4,856,12.7013,5.53,12.5303,3.3299,0.8246,0.205,1.0774,1.156,200
webp,cpu,224,512,2,764,11.6684,4.4875,11.6007,2.6774,0.8186,0.2283,1.0546,0.9069,200
jpeg_xl,cpu,64,1024,76,949,34.3076,5.3744,34.5908,4.096,7.2749,1.7034,7.7329,1.3846,200
jpeg_xl,cpu,64,512,46,570,38.6859,6.9703,39.8672,6.0187,7.5252,2.1605,8.1779,1.8541,200
jpeg_xl,cpu,96,1024,50,983,43.4721,6.4575,44.6952,5.6448,8.1135,1.8202,8.7406,1.7437,200
jpeg_xl,cpu,96,512,20,629,42.9229,6.8562,43.9419,4.9377,7.9205,1.7475,8.5964,1.7562,200
jpeg_xl,cpu,112,1024,44,1122,48.7125,12.1323,51.2467,8.304,9.2378,2.8471,9.7635,2.075,200
jpeg_xl,cpu,112,512,14,620,45.9076,8.9199,48.0282,7.8631,8.2508,2.616,9.1259,2.0938,200
jpeg_xl,cpu,168,1024,18,1183,63.0598,10.6496,66.8883,11.5639,9.4003,2.8384,10.391,2.6302,200
jpeg_xl,cpu,168,512,2,670,185.5847,23.348,191.4623,18.3033,8.641,1.943,9.3606,1.9496,200
jpeg_xl,cpu,224,1024,8,1166,88.7539,9.0064,91.8829,12.731,10.7099,1.8417,11.4265,2.3428,200
jpeg_xl,cpu,224,512,2,859,290.0719,18.012,294.5925,18.6978,9.3419,0.9731,9.7198,1.3209,200
avif,cpu,64,1024,60,863,15.157,6.4532,15.4172,4.6247,0.3548,0.0543,0.43,0.4948,200
avif,cpu,64,512,32,496,12.4234,4.7065,12.5644,3.4172,0.292,0.0463,0.326,0.2886,200
avif,cpu,96,1024,44,852,25.9866,8.4427,27.2287,7.1763,0.4537,0.0712,0.5334,0.4963,200
avif,cpu,96,512,18,536,18.0637,6.7632,19.6028,5.4487,0.375,0.0611,0.3841,0.0472,200
avif,cpu,112,1024,40,898,32.8536,10.6564,34.4808,9.1249,0.5476,0.154,0.7134,0.7403,200
avif,cpu,112,512,10,524,22.905,9.5674,25.403,9.6791,0.4336,0.0754,0.4972,0.5787,200
avif,cpu,168,1024,26,932,45.1802,13.7276,48.4221,16.6393,0.7854,0.1439,1.0854,1.1128,200
avif,cpu,168,512,2,599,29.7581,6.4184,30.8873,7.66,0.6626,0.0877,0.8392,0.8042,200
avif,cpu,224,1024,14,902,56.8445,17.9625,59.2355,17.7007,1.0437,0.1498,1.2311,0.828,200
avif,cpu,224,512,2,700,42.9599,12.3301,44.56,10.3041,0.96,0.1625,1.1482,0.7544,200
heif,cpu,64,1024,42,841,124.2443,12.9542,135.8416,28.3665,0.8414,0.1718,0.886,0.1546,200
heif,cpu,64,512,18,499,118.8473,8.9911,126.5586,21.2145,0.6314,0.1405,0.6901,0.324,200
heif,cpu,96,1024,34,888,162.9333,9.6362,167.8914,16.8342,1.1017,0.1494,1.1467,0.1769,200
heif,cpu,96,512,12,525,157.6777,13.5211,165.9262,26.3113,0.7662,0.1565,0.8937,0.5245,200
heif,cpu,112,1024,30,863,172.1862,19.5223,185.6924,37.1179,1.2239,0.1836,1.2851,0.2343,200
heif,cpu,112,512,10,535,164.394,13.2359,171.5625,22.5291,0.8638,0.2021,1.0028,0.6308,200
heif,cpu,168,1024,22,916,204.0927,11.5335,207.2126,17.9682,1.7571,0.3118,1.8064,0.3393,200
heif,cpu,168,512,2,572,191.8883,12.8713,196.1392,15.7661,1.3045,0.2039,1.4315,0.5529,200
heif,cpu,224,1024,16,926,256.1991,94.8392,296.0182,90.4257,2.1899,0.438,2.3399,0.6386,200
heif,cpu,224,512,2,642,243.287,50.3737,268.7854,65.1019,1.8141,0.2954,2.172,1.2753,200
jpeg2000,cpu,64,1024,16,781,6.7892,4.0508,7.8386,2.0847,1.0928,0.1198,1.3506,0.9258,200
jpeg2000,cpu,64,512,24,526,6.5932,3.3232,7.513,1.9333,0.9631,0.0909,1.153,0.7988,200
jpeg2000,cpu,96,1024,28,1000,17.4384,4.4638,18.2061,3.6481,1.9924,0.407,2.942,1.8889,200
jpeg2000,cpu,96,512,56,507,16.45,4.5825,17.2534,3.9111,1.6338,0.2503,2.3811,1.6482,200
jpeg2000,cpu,112,1024,40,953,17.6994,4.1161,18.034,3.1508,2.422,0.3301,2.8067,1.1108,200
jpeg2000,cpu,112,512,76,510,21.5268,6.7369,21.2672,5.2019,2.3524,1.028,2.9815,1.505,200
jpeg2000,cpu,168,1024,84,1020,33.0412,6.5849,33.1533,4.6896,4.4095,0.2849,4.7752,1.0678,200
jpeg2000,cpu,168,512,172,507,32.3415,6.7084,32.4568,4.7548,4.0326,0.3307,4.5346,1.2297,200
jpeg2000,cpu,224,1024,148,1029,54.2027,11.5877,53.6813,7.8242,7.1497,0.6127,7.7262,1.4468,200
jpeg2000,cpu,224,512,304,509,54.6188,11.2338,53.682,7.6881,6.825,0.5191,7.3471,1.3549,200
jpeg_fzt,cpu,64,1024,95,899,2.0205,0.1691,2.174,0.7419,0.1367,0.0096,0.1654,0.2903,200
jpeg_fzt,cpu,64,512,71,562,2.0096,0.167,2.2185,0.854,0.1291,0.0224,0.1433,0.0274,200
jpeg_fzt,cpu,96,1024,89,1072,2.9822,0.1653,3.1906,0.8067,0.15,0.0155,0.1783,0.3043,200
jpeg_fzt,cpu,96,512,29,556,3.1585,1.4239,3.6615,1.1377,0.1576,0.0848,0.1788,0.0424,200
jpeg_fzt,cpu,112,1024,81,1075,3.7135,0.2199,3.8776,0.7013,0.1631,0.0299,0.1722,0.028,200
jpeg_fzt,cpu,112,512,19,552,3.5505,0.1857,3.8289,0.9738,0.1397,0.0044,0.1482,0.0242,200
jpeg_fzt,cpu,168,1024,43,1073,6.7068,1.0179,7.1743,1.1671,0.1771,0.0651,0.2208,0.2916,200
jpeg_fzt,cpu,168,512,9,576,7.1426,1.4433,7.6962,1.4446,0.1803,0.0736,0.1992,0.0415,200
jpeg_fzt,cpu,224,1024,23,1010,10.4101,1.0858,11.2657,1.7073,0.2111,0.0405,0.2423,0.2907,200
jpeg_fzt,cpu,224,512,5,540,10.3304,0.9867,11.2164,1.9157,0.1964,0.0313,0.2034,0.031,200
