dataset,check,statistic,value
colorferet,identity,n_identities,994
colorferet,identity,max_cosine_max,0.68135405
colorferet,identity,max_cosine_median,0.37785898500000004
colorferet,identity,n_max_cosine_gt_0.8,0
colorferet,identity,n_max_cosine_gt_0.9,0
colorferet,image,n_crops,11335
colorferet,image,min_hamming_median,8.0
colorferet,image,n_hamming_le_6,3006
colorferet,image,frac_hamming_le_6,0.2651962946625496
colorferet,image,n_hamming_eq_2,65
colorferet,image,n_hamming_eq_4,671
colorferet,image,n_hamming_eq_6,2270
colorferet,image,n_hamming_eq_8,3898
colorferet,image,n_hamming_eq_10,3341
colorferet,image,n_hamming_eq_11,1
colorferet,image,n_hamming_eq_12,1026
colorferet,image,n_hamming_eq_14,63
kk,identity,n_identities,105
kk,identity,max_cosine_max,0.9146434
kk,identity,max_cosine_median,0.43387783
kk,identity,n_max_cosine_gt_0.8,22
kk,identity,n_max_cosine_gt_0.9,1
kk,image,n_crops,17534
kk,image,min_hamming_median,8.0
kk,image,n_hamming_le_6,6685
kk,image,frac_hamming_le_6,0.38125926770845214
kk,image,n_hamming_eq_0,3
kk,image,n_hamming_eq_2,166
kk,image,n_hamming_eq_4,1634
kk,image,n_hamming_eq_6,4882
kk,image,n_hamming_eq_8,6405
kk,image,n_hamming_eq_10,3642
kk,image,n_hamming_eq_12,761
kk,image,n_hamming_eq_14,41
all,identity,n_identities,1099
all,identity,max_cosine_max,0.9146434
all,identity,max_cosine_median,0.38021845
all,identity,n_max_cosine_gt_0.8,22
all,identity,n_max_cosine_gt_0.9,1
all,image,n_crops,28869
all,image,min_hamming_median,8.0
all,image,n_hamming_le_6,9691
all,image,frac_hamming_le_6,0.33568880113616684
all,image,n_hamming_eq_0,3
all,image,n_hamming_eq_2,231
all,image,n_hamming_eq_4,2305
all,image,n_hamming_eq_6,7152
all,image,n_hamming_eq_8,10303
all,image,n_hamming_eq_10,6983
all,image,n_hamming_eq_11,1
all,image,n_hamming_eq_12,1787
all,image,n_hamming_eq_14,104
