dataset,codec,kind,cell_id,eer,lo,hi,d_lo,d_hi,d
colorferet,avif,annexE,avif_r56_color_rectangle_mean_speed1-subsampling4:2:0_b1024,0.0011324455263093114,0.0005856396455783397,0.0015047425724333153,0.00021097568969707936,0.0009609705426555593,0.0006151933004730382
colorferet,avif,annexF,avif_r56_gray_none_speed1-subsampling4:0:0_b1024,0.0010310878278687596,0.0007698536181123927,0.001543486665468663,0.00019955272000515833,0.0010076070713694208,0.00056737384875305
colorferet,avif,ours,avif_r112_color_none_def_b1024,0.0005793643649667501,0.00025864481940516274,0.0007435998864821159,,,
colorferet,avif,winner,avif_r168_color_rectangle_mean_speed1-subsampling4:4:4_b1024,0.0004567278374452144,3.5393983125686646e-05,0.0006129289016826078,-0.00032440680515719576,0.00010815557980095038,-0.00012771343601343686
colorferet,heif,annexE,heif_r96_color_rectangle_mean_chroma_downsamplingaverage_b1024,0.0004579795349854976,0.0002354000804189127,0.0006790066370740532,-0.000607941547059454,7.406574513879609e-05,-0.00025930845222319474
colorferet,heif,ours,heif_r96_color_none_def_b1024,0.0007971050217747688,0.0002990382825373672,0.0009950426843715833,,,
colorferet,heif,winner,heif_r168_color_rectangle_mean_chroma_downsamplingaverage_b1024,0.0005906320875510573,0.0002593788813101128,0.0007578406337415799,-0.0005156012804945931,0.00027665975576383065,-0.0001882785544876242
colorferet,jpeg,annexE,jpeg_r96_gray_rectangle_mean_arithmeticTrue-smooth30_b1024,0.0005756117170676589,0.00026150596168008635,0.0010747134336270392,-0.00010781660676002502,0.0005261067155515776,0.00016793218914244788
colorferet,jpeg,ours,jpeg_r96_color_none_def_b1024,0.0005318296607583761,0.00028075180525775065,0.0005856273783138022,,,
colorferet,jpeg,winner,jpeg_r96_color_rectangle_mean_arithmeticTrue-smooth30_b1024,0.0006982482736930251,0.0002147397866792744,0.0009302684469730593,-0.0001821697282139212,0.00037592259468510747,0.0001411941187689081
colorferet,jpeg2000,annexE,jpeg2000_r56_color_rectangle_mean_num_resolutions3_b1024,0.0069011542946100235,0.005753488303162158,0.007820644904859364,-0.010936663777101785,-0.007627377787139266,-0.009051651151385159
colorferet,jpeg2000,annexF,jpeg2000_r56_gray_rectangle_mean_num_resolutions5_b1024,0.002212377032265067,0.0014137968799332156,0.002675071079283953,-0.015903968847123907,-0.011910861497744918,-0.013770884927362203
colorferet,jpeg2000,ours,jpeg2000_r224_color_none_def_b1024,0.01600714772939682,0.01400528009980917,0.018166688550263644,,,
colorferet,jpeg2000,winner,jpeg2000_r224_gray_mean_num_resolutions7_b1024,0.0007495678728446364,0.0004912127726129257,0.0008771913737291471,-0.017481248544936535,-0.013351004947617184,-0.01523613818033482
colorferet,jpeg_xl,annexE,jpeg_xl_r64_color_rectangle_mean_effort10_b1024,0.0008408846333622932,0.0005050345629570074,0.0009937954251654445,-6.562471826327963e-05,0.00045101489959051836,0.00025048733783478383
colorferet,jpeg_xl,annexF,jpeg_xl_r56_gray_ofiq_landmarks_effort10_b1024,0.005022866651415825,0.00378007817780599,0.006092003057710827,0.003231417015194893,0.005392406639293768,0.004433887713748846
colorferet,jpeg_xl,ours,jpeg_xl_r112_color_none_def_b1024,0.0006306864088401198,0.0002658168479683809,0.0007267514389241114,,,
colorferet,jpeg_xl,winner,jpeg_xl_r80_color_none_def_b1024,0.0004892719443887472,0.00024165713075490204,0.0005315131013048813,-0.00041264501414843834,1.618637215869969e-05,-0.00013070918241282924
colorferet,webp,annexE,webp_r64_color_rectangle_mean_method6-sns40_b1024,0.0006794728105887771,0.00024049587082117796,0.0009077736976905726,-2.3766607046127317e-05,0.0005191161806578749,0.0003095986431435449
colorferet,webp,annexF,webp_r80_gray_ofiq_landmarks_method6-sns40_b1024,0.0010986794950440526,0.0007822200583177619,0.001469015600741841,0.000421487898711348,0.0010415459393698257,0.0007588979651336559
colorferet,webp,ours,webp_r96_color_none_def_b1024,0.00032535678474232554,0.0002253944468975533,0.00044420294943847694,,,
colorferet,webp,winner,webp_r168_color_ofiq_landmarks_method3-sns0_b1024,0.0004242135037202388,0.00023465774866053833,0.0005495843637618236,-0.00014267848710005637,0.00018878618866438054,5.056567504652776e-05
kk,avif,annexE,avif_r56_color_rectangle_mean_speed1-subsampling4:2:0_b1024,0.006824761163443327,0.00532586220651865,0.008581168157979846,0.00022678310051560405,0.001441744389012456,0.0009057837608270347
kk,avif,annexF,avif_r56_gray_none_speed1-subsampling4:0:0_b1024,0.006724985782057047,0.0049600074999034405,0.008275138819590211,-4.3452670797705634e-05,0.0013395270099863415,0.000708951426204294
kk,avif,ours,avif_r112_color_none_def_b1024,0.00601494126021862,0.004471022763755173,0.007463081530295313,,,
kk,avif,winner,avif_r168_color_rectangle_mean_speed1-subsampling4:4:4_b1024,0.005711480509489775,0.004072404908947646,0.007562445639632642,-0.0006503715761937201,0.00023543948773294693,-0.00023013690835796296
kk,heif,annexE,heif_r96_color_rectangle_mean_chroma_downsamplingaverage_b1024,0.0064308131113648415,0.00499559931922704,0.008056682394817471,-0.0012998541351407766,-0.0003385807969607411,-0.0008496621996164322
kk,heif,ours,heif_r96_color_none_def_b1024,0.007301627658307552,0.005785834509879351,0.0089056056458503,,,
kk,heif,winner,heif_r168_color_rectangle_mean_chroma_downsamplingaverage_b1024,0.006926603615283966,0.00543170168530196,0.008498984342440962,-0.0010388898313976823,0.00022801369195804013,-0.00034392206463962794
kk,jpeg,annexE,jpeg_r96_gray_rectangle_mean_arithmeticTrue-smooth30_b1024,0.005232517141848803,0.00359995550243184,0.00691917350050062,-0.004103505262173712,-0.0024922283133491873,-0.003371974081965163
kk,jpeg,ours,jpeg_r96_color_none_def_b1024,0.008645931258797646,0.006941007624845952,0.010684124706313015,,,
kk,jpeg,winner,jpeg_r96_color_rectangle_mean_arithmeticTrue-smooth30_b1024,0.005905528552830219,0.004435612470842898,0.007520892086904496,-0.0034097342868335545,-0.0018325947457924483,-0.0027015981124714015
kk,jpeg2000,annexE,jpeg2000_r56_color_rectangle_mean_num_resolutions3_b1024,0.03486904501914978,0.03132071476429701,0.038773471303284165,-0.02182281706482172,-0.01747602755203843,-0.01980466652661562
kk,jpeg2000,annexF,jpeg2000_r56_gray_rectangle_mean_num_resolutions5_b1024,0.00818673800677061,0.006394248723518104,0.010283415438607337,-0.05072759098839015,-0.04291015781927854,-0.046464382042177024
kk,jpeg2000,ours,jpeg2000_r224_color_none_def_b1024,0.05494213104248047,0.05039307260885835,0.05955424401909113,,,
kk,jpeg2000,winner,jpeg2000_r224_gray_mean_num_resolutions7_b1024,0.007325180806219578,0.005566708790138364,0.008844362827949226,-0.05113834096118808,-0.04384313831105828,-0.04741890426026657
kk,jpeg_xl,annexE,jpeg_xl_r64_color_rectangle_mean_effort10_b1024,0.00773051381111145,0.006109136960003525,0.009270949428901077,-0.0013893672497943045,3.173768054693939e-05,-0.000686662367079407
kk,jpeg_xl,annexF,jpeg_xl_r56_gray_ofiq_landmarks_effort10_b1024,0.018793180584907532,0.016517749847844244,0.021185884438455104,0.00883129658177495,0.011735684145241976,0.010382357630878686
kk,jpeg_xl,ours,jpeg_xl_r112_color_none_def_b1024,0.008404338732361794,0.006797573412768543,0.010157302487641573,,,
kk,jpeg_xl,winner,jpeg_xl_r80_color_none_def_b1024,0.008680460974574089,0.007021425780840218,0.010699409409426153,-0.00023597597610205411,0.0008156256750226022,0.0002808192023076117
kk,webp,annexE,webp_r64_color_rectangle_mean_method6-sns40_b1024,0.005264077801257372,0.0035586483078077435,0.0068473806371912365,4.363052430562676e-05,0.0007982644950971009,0.00042895151302218437
kk,webp,annexF,webp_r80_gray_ofiq_landmarks_method6-sns40_b1024,0.006313364952802658,0.004873681615572422,0.008107732702046634,0.0009771958226338028,0.001972867897711695,0.0015143219125457108
kk,webp,ours,webp_r96_color_none_method6-sns50_b1024,0.004884861409664154,0.0033767129643820226,0.006459580431692303,,,
kk,webp,winner,webp_r168_color_ofiq_landmarks_method3-sns0_b1024,0.006491807289421558,0.004689872649032622,0.008258029678836465,0.0010702869389206172,0.0021032127318903805,0.0015990273212082684
