study,variant,suffix,model,eer,id_cos_vs_std,n_pos,n_neg
crop,standard,,arcface_antelopev2,0.00042540039545487743,1.0,95839,2000000
crop,tight,_tight,arcface_antelopev2,0.0025347182070973194,0.7937100840711995,95839,2000000
crop,mid,_mid,arcface_antelopev2,0.015497019230167261,0.5300625006131073,95839,2000000
crop,fill,_fill,arcface_antelopev2,0.055969465142061164,0.3519724222440879,95839,2000000
preproc,std,,arcface_antelopev2,0.00042540039545487743,1.0,95839,2000000
preproc,A1,_A1,arcface_antelopev2,0.003842636476277924,0.8517742631644496,95839,2000000
preproc,A2,_A2,arcface_antelopev2,0.0010564253644132346,0.9238523237638696,95839,2000000
preproc,A3,_A3,arcface_antelopev2,0.00041768331263890486,0.9968418491733949,95839,2000000
preproc,A4,_A4,arcface_antelopev2,0.002832796525944553,0.8283515164279135,95839,2000000
preproc,B1,_B1,arcface_antelopev2,0.0005141370579826584,0.9883563145173361,95839,2000000
preproc,B2,_B2,arcface_antelopev2,0.0062814009380314905,0.980223620084884,95839,2000000
preproc,C1,_C1,arcface_antelopev2,0.0034940056605348557,0.8404453482562267,95839,2000000
preproc,C2,_C2,arcface_antelopev2,0.0006972945486701656,0.969567272329415,95839,2000000
crop,standard,,lvface_l,0.0024956657102014838,1.0,95839,2000000
crop,tight,_tight,lvface_l,0.00582566512849675,0.6356560607731943,95839,2000000
crop,mid,_mid,lvface_l,0.0194536948658688,0.39979142081931596,95839,2000000
crop,fill,_fill,lvface_l,0.1044056964909901,0.18157809360469893,95839,2000000
preproc,std,,lvface_l,0.0024956657102014838,1.0,95839,2000000
preproc,A1,_A1,lvface_l,0.006849873410094012,0.715461593123493,95839,2000000
preproc,A2,_A2,lvface_l,0.0037919523106459793,0.7800394888016269,95839,2000000
preproc,A3,_A3,lvface_l,0.0025612182070973194,0.9715744386366836,95839,2000000
preproc,A4,_A4,lvface_l,0.006795353830382204,0.6934526478517097,95839,2000000
preproc,B1,_B1,lvface_l,0.0027405927806007993,0.9192013827410547,95839,2000000
preproc,B2,_B2,lvface_l,0.00819462709335448,0.9074981185175804,95839,2000000
preproc,C1,_C1,lvface_l,0.007460214213420423,0.6938199827599738,95839,2000000
preproc,C2,_C2,lvface_l,0.002737342780600799,0.8462946884943392,95839,2000000
crop,standard,,topofr_r100,0.00037506498137501433,1.0,95839,2000000
crop,tight,_tight,topofr_r100,0.0020206469834827155,0.7944479250362803,95839,2000000
crop,mid,_mid,topofr_r100,0.009882610343910098,0.5300610788580782,95839,2000000
crop,fill,_fill,topofr_r100,0.038794883489498014,0.3610662592125273,95839,2000000
preproc,std,,topofr_r100,0.00037506498137501433,1.0,95839,2000000
preproc,A1,_A1,topofr_r100,0.003102473596343868,0.835586915093119,95839,2000000
preproc,A2,_A2,topofr_r100,0.0012206486894687967,0.9043990945171573,95839,2000000
preproc,A3,_A3,topofr_r100,0.0003563808157430691,0.9924981035200728,95839,2000000
preproc,A4,_A4,topofr_r100,0.002606770703993155,0.810485390849087,95839,2000000
preproc,B1,_B1,topofr_r100,0.0007022945486701655,0.9830974751214883,95839,2000000
preproc,B2,_B2,topofr_r100,0.006547078008430806,0.9740192358407485,95839,2000000
preproc,C1,_C1,topofr_r100,0.006609163422510668,0.8160885981978835,95839,2000000
preproc,C2,_C2,topofr_r100,0.0010870766128611526,0.9536298006114636,95839,2000000
crop,standard,,edgeface_xs,0.0038607877247258423,1.0,95839,2000000
crop,tight,_tight,edgeface_xs,0.04729087181888375,0.5575776179636016,95839,2000000
crop,mid,_mid,edgeface_xs,0.12845482947703962,0.2775079905586655,95839,2000000
crop,fill,_fill,edgeface_xs,0.2671434446624026,0.07853441623393029,95839,2000000
preproc,std,,edgeface_xs,0.0038607877247258423,1.0,95839,2000000
preproc,A1,_A1,edgeface_xs,0.012596986041694926,0.8699417440963928,95839,2000000
preproc,A2,_A2,edgeface_xs,0.006302118020847463,0.9474947151818818,95839,2000000
preproc,A3,_A3,edgeface_xs,0.003797018145014034,0.9977020111698219,95839,2000000
preproc,A4,_A4,edgeface_xs,0.013299464755997036,0.8612642734870742,95839,2000000
preproc,B1,_B1,edgeface_xs,0.003420170246454992,0.9854810730931133,95839,2000000
preproc,B2,_B2,edgeface_xs,0.009110513298344098,0.9768888908119823,95839,2000000
preproc,C1,_C1,edgeface_xs,0.011746803582049062,0.8558062755393194,95839,2000000
preproc,C2,_C2,edgeface_xs,0.004664036018739761,0.9644547902958841,95839,2000000
