ckpt,matcher,dataset,budget,id_cos_median,id_cos_mean,psnr_median,n
control,arcface_antelopev2,colorferet,1024,0.906256914138794,0.9004931265115738,28.28099376004533,200
control,arcface_antelopev2,colorferet,512,0.8598275780677795,0.8536768528819084,27.402281084648646,200
control,arcface_antelopev2,kk,1024,0.8970075249671936,0.8921751907467842,27.11337007747397,200
control,arcface_antelopev2,kk,512,0.8390136659145355,0.8286316761374474,25.78689666434732,200
noside,arcface_antelopev2,colorferet,1024,0.9055687189102173,0.8993952909111976,29.30537190510433,200
noside,arcface_antelopev2,colorferet,512,0.8598531484603882,0.8562049433588982,28.11702348727752,200
noside,arcface_antelopev2,kk,1024,0.8984488248825073,0.8931545671820641,27.964192376151978,200
noside,arcface_antelopev2,kk,512,0.8399010002613068,0.8338035237789154,26.47823901090991,200
topofr,arcface_antelopev2,colorferet,1024,0.9027668237686157,0.8977975106239319,28.015351692184396,200
topofr,arcface_antelopev2,colorferet,512,0.8564349710941315,0.850210043489933,27.055968472393936,200
topofr,arcface_antelopev2,kk,1024,0.896141529083252,0.8904295924305916,27.25471774890203,200
topofr,arcface_antelopev2,kk,512,0.8313228189945221,0.8282126897573471,25.86400833613233,200
deployed,arcface_antelopev2,colorferet,1024,0.9121816158294678,0.9064487197995186,28.262981980717896,200
deployed,arcface_antelopev2,colorferet,512,0.8651978075504303,0.8599996575713158,27.347039009066798,200
deployed,arcface_antelopev2,kk,1024,0.9031149744987488,0.8968596825003624,27.315519132506275,200
deployed,arcface_antelopev2,kk,512,0.8372371792793274,0.8317136943340302,25.908575540849746,200
control,cvlface_ir101,colorferet,1024,0.9086518585681915,0.9021668723225593,28.28099376004533,200
control,cvlface_ir101,colorferet,512,0.8565866947174072,0.8507540479302407,27.402281084648646,200
control,cvlface_ir101,kk,1024,0.89844611287117,0.8919165480136871,27.11337007747397,200
control,cvlface_ir101,kk,512,0.8273832201957703,0.8219710710644722,25.78689666434732,200
noside,cvlface_ir101,colorferet,1024,0.9075471758842468,0.901202535033226,29.30537190510433,200
noside,cvlface_ir101,colorferet,512,0.8557210564613342,0.8520469912886619,28.11702348727752,200
noside,cvlface_ir101,kk,1024,0.8962047696113586,0.8915347871184349,27.964192376151978,200
noside,cvlface_ir101,kk,512,0.8317664265632629,0.8275258374214173,26.47823901090991,200
topofr,cvlface_ir101,colorferet,1024,0.9049678146839142,0.8980694755911827,28.015351692184396,200
topofr,cvlface_ir101,colorferet,512,0.8556733727455139,0.8461885955929757,27.055968472393936,200
topofr,cvlface_ir101,kk,1024,0.8922148644924164,0.8892772647738457,27.25471774890203,200
topofr,cvlface_ir101,kk,512,0.829400509595871,0.8222619116306304,25.86400833613233,200
deployed,cvlface_ir101,colorferet,1024,0.9098275899887085,0.9058916726708413,28.262981980717896,200
deployed,cvlface_ir101,colorferet,512,0.8598117828369141,0.8550530517101288,27.347039009066798,200
deployed,cvlface_ir101,kk,1024,0.9009143710136414,0.8956222605705261,27.315519132506275,200
deployed,cvlface_ir101,kk,512,0.8310219645500183,0.8258589741587639,25.908575540849746,200
