predictor,key,colorferet,colorferet_p,colorferet_n,kk,kk_p,kk_n
High-freq.\ DCT share,hf_share,0.1334045933843709,0.020814660689639216,300.0,0.09269347437193745,0.10910101835694334,300.0
Laplacian var.\ (detail),lap_var,0.3856620629118101,4.466524527707785e-12,300.0,0.10292692141023788,0.07507030649173149,300.0
Gradient magnitude,grad_mag,0.03312436804853387,0.5676657756604283,300.0,-0.07384793164368492,0.20213721826953907,300.0
Edge density,edge_density,-0.22408721751610822,9.040304628285921e-05,300.0,0.0019380260556889136,0.9733336853777773,300.0
Grey-level entropy,entropy,-0.2911547906087845,2.843415712424432e-07,300.0,-0.0880543117145746,0.1280753269095362,300.0
Contrast (luma std),contrast,0.3022811364570718,9.334374761416228e-08,300.0,-0.050894787719863555,0.3797196721666958,300.0
Colorfulness,colorfulness,-0.3593133257036189,1.4274026834651443e-10,300.0,0.045740544336467966,0.4299043627757434,300.0
Brightness (luma mean),brightness,-0.15847711179870005,0.005944085227323967,300.0,0.05065034055933955,0.38201561894480784,300.0
$|$yaw$|$ (non-frontal),abs_yaw,-0.019604662274025266,0.7352293157235081,300.0,,,
Glasses,glasses,0.032056711332602725,0.5802204406211268,300.0,,,
Beard,beard,-0.07530045311851356,0.19338013224090908,300.0,,,
Mustache,mustache,-0.1391533254631926,0.015870063298710636,300.0,,,
Monk skin-tone index,mst_index,,,,,,0.0
Age,age,,,,0.3543881464403644,0.25837037435796384,12.0
