operator,codec,res,budget,model,eer,id_cos_vs_original,delta_eer_vs_std,n_images
std,webp,224,1024,arcface_antelopev2,0.004159955289179951,0.8716543316841125,0.0,800
std,webp,224,1024,edgeface_xs,0.020746060741007516,0.9199102520942688,0.0,800
A1,webp,224,1024,arcface_antelopev2,0.014087140395716607,0.7610446810722351,0.009927185106536656,800
A1,webp,224,1024,edgeface_xs,0.04175280063810971,0.8167527914047241,0.021006739897102195,800
A2,webp,224,1024,arcface_antelopev2,0.006730014660589458,0.8406224250793457,0.002570059371409507,800
A2,webp,224,1024,edgeface_xs,0.02565319750389604,0.8954678177833557,0.004907136762888523,800
A3,webp,224,1024,arcface_antelopev2,0.0038732576043572233,0.8711793422698975,-0.0002866976848227274,800
A3,webp,224,1024,edgeface_xs,0.02048938065597751,0.9202368259429932,-0.00025668008503000606,800
A4,webp,224,1024,arcface_antelopev2,0.010885230328749506,0.795860767364502,0.006725275039569555,800
A4,webp,224,1024,edgeface_xs,0.03143148643696585,0.8541226387023926,0.010685425695958331,800
B2,webp,224,1024,arcface_antelopev2,0.009946143590616269,0.8654330372810364,0.005786188301436318,800
B2,webp,224,1024,edgeface_xs,0.025752729545314008,0.9112756252288818,0.005006668804306492,800
std,avif,224,1024,arcface_antelopev2,0.0064085597549541065,0.837277889251709,0.0,800
std,avif,224,1024,edgeface_xs,0.025317523735200978,0.896376371383667,0.0,800
A1,avif,224,1024,arcface_antelopev2,0.01602534907156852,0.7457121014595032,0.009616789316614412,800
A1,avif,224,1024,edgeface_xs,0.043711547671714535,0.8115134239196777,0.018394023936513557,800
A2,avif,224,1024,arcface_antelopev2,0.006467015080866246,0.8260126709938049,5.845532591213995e-05,800
A2,avif,224,1024,edgeface_xs,0.027594565927094555,0.8896114826202393,0.0022770421918935774,800
A3,avif,224,1024,arcface_antelopev2,0.007353965987780547,0.8366142511367798,0.0009454062328264406,800
A3,avif,224,1024,edgeface_xs,0.026080503945642562,0.8956480622291565,0.0007629802104415842,800
A4,avif,224,1024,arcface_antelopev2,0.01379886283722058,0.7706680297851562,0.007390303082266473,800
A4,avif,224,1024,edgeface_xs,0.03975455676267235,0.8398924469947815,0.014437033027471374,800
B2,avif,224,1024,arcface_antelopev2,0.012205807172103534,0.8404432535171509,0.005797247417149427,800
B2,avif,224,1024,edgeface_xs,0.027479235148943577,0.8942307829856873,0.0021617114137425994,800
std,ours_accurate,224,1024,arcface_antelopev2,0.003566021561781582,0.9094746112823486,0.0,800
std,ours_accurate,224,1024,edgeface_xs,0.017035530125000302,0.9554101824760437,0.0,800
A1,ours_accurate,224,1024,arcface_antelopev2,0.007377664092880063,0.8319881558418274,0.003811642531098481,800
A1,ours_accurate,224,1024,edgeface_xs,0.030823333846507775,0.8830277919769287,0.013787803721507473,800
A2,ours_accurate,224,1024,arcface_antelopev2,0.002998945686829332,0.9077550768852234,-0.0005670758749522502,800
A2,ours_accurate,224,1024,edgeface_xs,0.016772530545277095,0.955335259437561,-0.0002629995797232068,800
A3,ours_accurate,224,1024,arcface_antelopev2,0.0028804551613317506,0.9098723530769348,-0.0006855664004498316,800
A3,ours_accurate,224,1024,edgeface_xs,0.016398939808422806,0.9556939005851746,-0.0006365903165774962,800
A4,ours_accurate,224,1024,arcface_antelopev2,0.008263035126121062,0.8482731580734253,0.0046970135643394795,800
A4,ours_accurate,224,1024,edgeface_xs,0.0253459614613204,0.9065437912940979,0.008310431336320097,800
B2,ours_accurate,224,1024,arcface_antelopev2,0.009946143590616269,0.900356113910675,0.006380122028834687,800
B2,ours_accurate,224,1024,edgeface_xs,0.020497280024344013,0.9440531730651855,0.0034617498993437107,800
