dataset,model,res,budget,codec_a,codec_b,n_trials,acc_a,acc_b,b,c,mcnemar_chi2,mcnemar_p,auc_a,auc_b,auc_diff,auc_test,auc_p,p_adj,significant
colorferet,arcface_antelopev2,112,1024,aligned,avif,2094299,0.9995764692625074,0.999051233849608,1443,343,676.2603583426652,4.346826180412494e-149,0.9999965828627446,0.9999855550852086,1.1027777536032346e-05,delong,0.0001166075215297,6.461498376288842e-149,True
colorferet,arcface_antelopev2,112,1024,aligned,heif,2094299,0.9995764692625074,0.9982399838800476,3101,302,2300.559506317955,0.0,0.9999965828627446,0.9999690190464856,2.756381625901305e-05,delong,1.648758216738545e-10,0.0,True
colorferet,arcface_antelopev2,112,1024,aligned,jpeg,2094299,0.9995764692625074,0.9975161139837244,4639,324,3749.8682248639934,0.0,0.9999965828627446,0.9999488191036254,4.77637591191904e-05,delong,7.425564228543958e-19,0.0,True
colorferet,arcface_antelopev2,112,1024,aligned,jpeg2000,2094299,0.9995764692625074,0.967632606423438,67297,397,66113.33649954206,0.0,0.9999965828627446,0.994693335718683,0.0053032471440616,delong,0.0,0.0,True
colorferet,arcface_antelopev2,112,1024,aligned,jpeg_ai,2094299,0.9995764692625074,0.9990813155141648,1323,286,667.0577998756992,4.359622570148377e-147,0.9999965828627446,0.9999905358433142,6.047019430410749e-06,delong,3.279303037069764e-06,6.309980035741071e-147,True
colorferet,arcface_antelopev2,112,1024,aligned,jpeg_fzt,2094299,0.9995764692625074,0.9975700699852312,4499,297,3679.816722268557,0.0,0.9999965828627446,0.9999354271802,6.115568254472237e-05,delong,1.9207347220122275e-09,0.0,True
colorferet,arcface_antelopev2,112,1024,aligned,jpeg_xl,2094299,0.9995764692625074,0.9980967378583478,3451,352,2523.692874046805,0.0,0.9999965828627446,0.9999340557620834,6.252710066123601e-05,delong,1.3516712573277257e-06,0.0,True
colorferet,arcface_antelopev2,112,1024,aligned,ours_accurate,2094299,0.9995764692625074,0.9985532151808314,2356,213,1785.9727520435968,0.0,0.9999965828627446,0.9999810262661564,1.5556596588250926e-05,delong,6.936248261557716e-16,0.0,True
colorferet,arcface_antelopev2,112,1024,aligned,ours_fast,2094299,0.9995764692625074,0.9966031593387572,6511,284,5704.646946284032,0.0,0.9999965828627446,0.9998962674973184,0.000100315365426,delong,3.319218275113797e-12,0.0,True
colorferet,arcface_antelopev2,112,1024,aligned,webp,2094299,0.9995764692625074,0.999070333319168,1391,331,651.2665505226481,1.184845707489308e-143,0.9999965828627446,0.9999875719386588,9.010924085783856e-06,delong,0.0001590268100897,1.6709362541515881e-143,True
colorferet,arcface_antelopev2,112,1024,avif,heif,2094299,0.999051233849608,0.9982399838800476,2644,945,803.3446642518808,1.011283202077044e-176,0.9999855550852086,0.9999690190464856,1.6536038722980706e-05,delong,0.0002943534433571,1.5450160031732616e-176,True
colorferet,arcface_antelopev2,112,1024,avif,jpeg,2094299,0.999051233849608,0.9975161139837244,4134,919,2044.2897288739364,0.0,0.9999855550852086,0.9999488191036254,3.673598158315805e-05,delong,1.0464804203214384e-12,0.0,True
colorferet,arcface_antelopev2,112,1024,avif,jpeg2000,2094299,0.999051233849608,0.967632606423438,66727,927,63994.86210719248,0.0,0.9999855550852086,0.994693335718683,0.0052922193665255,delong,0.0,0.0,True
colorferet,arcface_antelopev2,112,1024,avif,jpeg_ai,2094299,0.999051233849608,0.9990813155141648,1109,1172,1.6852257781674704,0.1942315141835869,0.9999855550852086,0.9999905358433142,-4.980758105621597e-06,delong,0.1037210722871722,0.2015610052848543,False
colorferet,arcface_antelopev2,112,1024,avif,jpeg_fzt,2094299,0.999051233849608,0.9975700699852312,3998,896,1964.895995096036,0.0,0.9999855550852086,0.9999354271802,5.012790500869002e-05,delong,3.5190581532989655e-08,0.0,True
colorferet,arcface_antelopev2,112,1024,avif,jpeg_xl,2094299,0.999051233849608,0.9980967378583478,2993,994,1001.255079006772,9.58202121191428e-220,0.9999855550852086,0.9999340557620834,5.149932312520367e-05,delong,7.313115004385963e-06,1.7000360214686626e-219,True
colorferet,arcface_antelopev2,112,1024,avif,ours_accurate,2094299,0.999051233849608,0.9985532151808314,2054,1011,354.2460032626427,5.041130272071831e-79,0.9999855550852086,0.9999810262661564,4.52881905221858e-06,delong,0.0862750317717596,6.161381443643348e-79,True
colorferet,arcface_antelopev2,112,1024,avif,ours_fast,2094299,0.999051233849608,0.9966031593387572,6008,881,3814.1785455073305,0.0,0.9999855550852086,0.9998962674973184,8.928758789006341e-05,delong,4.678724840177202e-11,0.0,True
colorferet,arcface_antelopev2,112,1024,avif,webp,2094299,0.999051233849608,0.999070333319168,1103,1143,0.6772039180765805,0.4105512107913817,0.9999855550852086,0.9999875719386588,-2.0168534502484903e-06,delong,0.581753152283799,0.418154010991222,False
colorferet,arcface_antelopev2,112,1024,heif,jpeg,2094299,0.9982399838800476,0.9975161139837244,3691,2175,391.2759972724173,4.3660857356379e-87,0.9999690190464856,0.9999488191036254,2.0199942860177345e-05,delong,0.0005184719416501,5.584528266513592e-87,True
colorferet,arcface_antelopev2,112,1024,heif,jpeg2000,2094299,0.9982399838800476,0.967632606423438,65976,1875,60556.36615525195,0.0,0.9999690190464856,0.994693335718683,0.0052756833278025,delong,0.0,0.0,True
colorferet,arcface_antelopev2,112,1024,heif,jpeg_ai,2094299,0.9982399838800476,0.9990813155141648,989,2751,829.1767379679144,2.4471094807245195e-182,0.9999690190464856,0.9999905358433142,-2.1516796828602303e-05,delong,1.5520404341240675e-06,3.958559454113193e-182,True
colorferet,arcface_antelopev2,112,1024,heif,jpeg_fzt,2094299,0.9982399838800476,0.9975700699852312,3526,2123,347.9560984244999,1.1809507951985974e-77,0.9999690190464856,0.9999354271802,3.3591866285709315e-05,delong,0.0003395424314839,1.4120063855635403e-77,True
colorferet,arcface_antelopev2,112,1024,heif,jpeg_xl,2094299,0.9982399838800476,0.9980967378583478,2608,2308,18.18572009764036,2.003756095386796e-05,0.9999690190464856,0.9999340557620834,3.496328440222296e-05,delong,0.000768549667543,2.160913436201446e-05,True
colorferet,arcface_antelopev2,112,1024,heif,ours_accurate,2094299,0.9982399838800476,0.9985532151808314,1797,2453,100.94705882352942,9.447510819944785e-24,0.9999690190464856,0.9999810262661564,-1.2007219670762126e-05,delong,0.0030774938614444,1.0392261901939261e-23,True
colorferet,arcface_antelopev2,112,1024,heif,ours_fast,2094299,0.9982399838800476,0.9966031593387572,5537,2109,1536.0095474758043,0.0,0.9999690190464856,0.9998962674973184,7.275154916708271e-05,delong,1.348512301725993e-09,0.0,True
colorferet,arcface_antelopev2,112,1024,heif,webp,2094299,0.9982399838800476,0.999070333319168,979,2718,817.0527454692995,1.0581218993446246e-179,0.9999690190464856,0.9999875719386588,-1.85528921732292e-05,delong,2.070814782829155e-06,1.66276298468441e-179,True
colorferet,arcface_antelopev2,112,1024,jpeg,jpeg2000,2094299,0.9975161139837244,0.967632606423438,65071,2486,57977.07204286751,0.0,0.9999488191036254,0.994693335718683,0.0052554833849424,delong,0.0,0.0,True
colorferet,arcface_antelopev2,112,1024,jpeg,jpeg_ai,2094299,0.9975161139837244,0.9990813155141648,937,4215,2084.3806288819874,0.0,0.9999488191036254,0.9999905358433142,-4.171673968877965e-05,delong,2.1298360827069682e-13,0.0,True
colorferet,arcface_antelopev2,112,1024,jpeg,jpeg_fzt,2094299,0.9975161139837244,0.9975700699852312,2976,3089,2.068260511129431,0.1503929690688084,0.9999488191036254,0.9999354271802,1.339192342553197e-05,delong,0.0803128245914641,0.1590694865150858,False
colorferet,arcface_antelopev2,112,1024,jpeg,jpeg_xl,2094299,0.9975161139837244,0.9980967378583478,2311,3527,252.86485097636177,6.164392273381999e-57,0.9999488191036254,0.9999340557620834,1.4763341542045616e-05,delong,0.1966993584184034,7.213650532681061e-57,True
colorferet,arcface_antelopev2,112,1024,jpeg,ours_accurate,2094299,0.9975161139837244,0.9985532151808314,1613,3785,873.1457947387921,6.756167804152556e-192,0.9999488191036254,0.9999810262661564,-3.220716253093947e-05,delong,5.026077002005918e-12,1.1612163413387203e-191,True
colorferet,arcface_antelopev2,112,1024,jpeg,ours_fast,2094299,0.9975161139837244,0.9966031593387572,5128,3216,437.6703020134228,3.4792153582062867e-97,0.9999488191036254,0.9998962674973184,5.255160630690536e-05,delong,0.000210814077727,4.66724011466697e-97,True
colorferet,arcface_antelopev2,112,1024,jpeg,webp,2094299,0.9975161139837244,0.999070333319168,882,4137,2109.6863917114965,0.0,0.9999488191036254,0.9999875719386588,-3.875283503340654e-05,delong,2.939940124268076e-17,0.0,True
colorferet,arcface_antelopev2,112,1024,jpeg2000,jpeg_ai,2094299,0.967632606423438,0.9990813155141648,958,66821,63999.2186960563,0.0,0.994693335718683,0.9999905358433142,-0.0052972001246311,delong,0.0,0.0,True
colorferet,arcface_antelopev2,112,1024,jpeg2000,jpeg_fzt,2094299,0.967632606423438,0.9975700699852312,2214,64912,58560.22716980008,0.0,0.994693335718683,0.9999354271802,-0.0052420914615168,delong,0.0,0.0,True
colorferet,arcface_antelopev2,112,1024,jpeg2000,jpeg_xl,2094299,0.967632606423438,0.9980967378583478,1883,65684,60243.01804135155,0.0,0.994693335718683,0.9999340557620834,-0.0052407200434003,delong,0.0,0.0,True
colorferet,arcface_antelopev2,112,1024,jpeg2000,ours_accurate,2094299,0.967632606423438,0.9985532151808314,1526,66283,61840.45681251752,0.0,0.994693335718683,0.9999810262661564,-0.0052876905474733,delong,0.0,0.0,True
colorferet,arcface_antelopev2,112,1024,jpeg2000,ours_fast,2094299,0.967632606423438,0.9966031593387572,3683,64356,54102.67029203839,0.0,0.994693335718683,0.9998962674973184,-0.0052029317786355,delong,0.0,0.0,True
colorferet,arcface_antelopev2,112,1024,jpeg2000,webp,2094299,0.967632606423438,0.999070333319168,911,66751,64065.11662380657,0.0,0.994693335718683,0.9999875719386588,-0.0052942362199758,delong,0.0,0.0,True
colorferet,arcface_antelopev2,112,1024,jpeg_ai,jpeg_fzt,2094299,0.9990813155141648,0.9975700699852312,4077,912,2006.5937061535376,0.0,0.9999905358433142,0.9999354271802,5.510866311431162e-05,delong,1.499225027547436e-07,0.0,True
colorferet,arcface_antelopev2,112,1024,jpeg_ai,jpeg_xl,2094299,0.9990813155141648,0.9980967378583478,3068,1006,1042.6413843888072,9.677364989835374e-229,0.9999905358433142,0.9999340557620834,5.648008123082526e-05,delong,1.624821417593838e-05,1.7741835814698182e-228,True
colorferet,arcface_antelopev2,112,1024,jpeg_ai,ours_accurate,2094299,0.9990813155141648,0.9985532151808314,2024,918,415.0322909585316,2.9426732976674512e-92,0.9999905358433142,0.9999810262661564,9.509577157840177e-06,delong,1.1786535512401643e-05,3.8535007469454713e-92,True
colorferet,arcface_antelopev2,112,1024,jpeg_ai,ours_fast,2094299,0.9990813155141648,0.9966031593387572,6088,898,3854.240051531635,0.0,0.9999905358433142,0.9998962674973184,9.4268345995685e-05,delong,3.2589042801073826e-11,0.0,True
colorferet,arcface_antelopev2,112,1024,jpeg_ai,webp,2094299,0.9990813155141648,0.999070333319168,1127,1104,0.2169430748543254,0.6413790789305372,0.9999905358433142,0.9999875719386588,2.9639046553731063e-06,delong,0.3241443164328751,0.6413790789305372,False
colorferet,arcface_antelopev2,112,1024,jpeg_fzt,jpeg_xl,2094299,0.9975700699852312,0.9980967378583478,2092,3195,229.6962360506904,6.943662805343727e-52,0.9999354271802,0.9999340557620834,1.3714181165136452e-06,delong,0.8924228506085561,7.956280297789688e-52,True
colorferet,arcface_antelopev2,112,1024,jpeg_fzt,ours_accurate,2094299,0.9975700699852312,0.9985532151808314,1499,3558,837.5250148309274,3.7469505630883183e-184,0.9999354271802,0.9999810262661564,-4.559908595647144e-05,delong,6.037010804125777e-07,6.244917605147196e-184,True
colorferet,arcface_antelopev2,112,1024,jpeg_fzt,ours_fast,2094299,0.9975700699852312,0.9966031593387572,4746,2721,548.6240792821749,2.5078956478046403e-121,0.9999354271802,0.9998962674973184,3.915968288137339e-05,delong,0.0066017433386806,3.4483565157313807e-121,True
colorferet,arcface_antelopev2,112,1024,jpeg_fzt,webp,2094299,0.9975700699852312,0.999070333319168,860,4002,2029.1816125051416,0.0,0.9999354271802,0.9999875719386588,-5.214475845893851e-05,delong,1.249846321375833e-08,0.0,True
colorferet,arcface_antelopev2,112,1024,jpeg_xl,ours_accurate,2094299,0.9980967378583478,0.9985532151808314,1749,2705,204.76537943421644,1.905368426611682e-46,0.9999340557620834,0.9999810262661564,-4.6970504072985086e-05,delong,9.33775562705777e-05,2.1386788461967862e-46,True
colorferet,arcface_antelopev2,112,1024,jpeg_xl,ours_fast,2094299,0.9980967378583478,0.9966031593387572,5349,2221,1291.694715984148,7.212416858140979e-283,0.9999340557620834,0.9998962674973184,3.778826476485975e-05,delong,0.0002512885606519,1.4167247399919781e-282,True
colorferet,arcface_antelopev2,112,1024,jpeg_xl,webp,2094299,0.9980967378583478,0.999070333319168,971,3010,1043.3167545842753,6.901794172614279e-229,0.9999340557620834,0.9999875719386588,-5.351617657545216e-05,delong,5.713748148138784e-06,1.3089609637716735e-228,True
colorferet,arcface_antelopev2,112,1024,ours_accurate,ours_fast,2094299,0.9985532151808314,0.9966031593387572,5409,1325,2475.629492129492,0.0,0.9999810262661564,0.9998962674973184,8.475876883784483e-05,delong,8.301465746984914e-10,0.0,True
colorferet,arcface_antelopev2,112,1024,ours_accurate,webp,2094299,0.9985532151808314,0.999070333319168,955,2038,391.1540260608086,4.641360811605307e-87,0.9999810262661564,0.9999875719386588,-6.54567250246707e-06,delong,0.0067681737506036,5.801701014506634e-87,True
colorferet,arcface_antelopev2,112,1024,ours_fast,webp,2094299,0.9966031593387572,0.999070333319168,917,6084,3811.963433795172,0.0,0.9998962674973184,0.9999875719386588,-9.13044413403119e-05,delong,8.681345019885322e-11,0.0,True
colorferet,edgeface_xs,112,1024,aligned,avif,2094299,0.9961476369897516,0.993858565562988,7562,2768,2223.8963213939983,0.0,0.999845563023307,0.9997019549028135,0.0001436081204934,delong,7.00754441084701e-24,0.0,True
colorferet,edgeface_xs,112,1024,aligned,heif,2094299,0.9961476369897516,0.991679316086194,12347,2989,5709.014671361502,0.0,0.999845563023307,0.9995407276217416,0.0003048354015653,delong,1.1818714020063952e-57,0.0,True
colorferet,edgeface_xs,112,1024,aligned,jpeg,2094299,0.9961476369897516,0.9903571553059044,15455,3328,7828.348826066123,0.0,0.999845563023307,0.9993190857610302,0.0005264772622767,delong,6.726340163525384e-63,0.0,True
colorferet,edgeface_xs,112,1024,aligned,jpeg2000,2094299,0.9961476369897516,0.9443045143028764,112754,4179,100812.546295742,0.0,0.999845563023307,0.9868335087017313,0.0130120543215757,delong,0.0,0.0,True
colorferet,edgeface_xs,112,1024,aligned,jpeg_ai,2094299,0.9961476369897516,0.9942324376796244,6423,2412,1820.045274476514,0.0,0.999845563023307,0.9997173987282696,0.0001281642950373,delong,9.72491444553305e-22,0.0,True
colorferet,edgeface_xs,112,1024,aligned,jpeg_fzt,2094299,0.9961476369897516,0.9918201746741988,12332,3269,5263.755143901032,0.0,0.999845563023307,0.999596511309742,0.000249051713565,delong,8.914162777685704e-37,0.0,True
colorferet,edgeface_xs,112,1024,aligned,jpeg_xl,2094299,0.9961476369897516,0.99156662921579,12748,3154,5787.04873600805,0.0,0.999845563023307,0.9995181469390102,0.0003274160842967,delong,5.287343983199964e-56,0.0,True
colorferet,edgeface_xs,112,1024,aligned,ours_accurate,2094299,0.9961476369897516,0.9944196124813124,5458,1839,1793.877483897492,0.0,0.999845563023307,0.9997006835555536,0.0001448794677534,delong,1.0443430729763272e-45,0.0,True
colorferet,edgeface_xs,112,1024,aligned,ours_fast,2094299,0.9961476369897516,0.991601963234476,12483,2963,5866.331801113557,0.0,0.999845563023307,0.9995566181441208,0.000288944879186,delong,2.324892942812985e-55,0.0,True
colorferet,edgeface_xs,112,1024,aligned,webp,2094299,0.9961476369897516,0.993850448288425,7416,2605,2308.761600638659,0.0,0.999845563023307,0.9997207508641546,0.0001248121591523,delong,3.5927255707201782e-34,0.0,True
colorferet,edgeface_xs,112,1024,avif,heif,2094299,0.993858565562988,0.991679316086194,10633,6069,1246.6153155310742,4.514917861806565e-273,0.9997019549028135,0.9995407276217416,0.0001612272810719,delong,2.733309176199832e-21,7.303543599981207e-273,True
colorferet,edgeface_xs,112,1024,avif,jpeg,2094299,0.993858565562988,0.9903571553059044,13907,6574,2624.7851179141644,0.0,0.9997019549028135,0.9993190857610302,0.0003828691417833,delong,1.1211681803179683e-38,0.0,True
colorferet,edgeface_xs,112,1024,avif,jpeg2000,2094299,0.993858565562988,0.9443045143028764,110873,7092,91300.71122790658,0.0,0.9997019549028135,0.9868335087017313,0.0128684462010822,delong,0.0,0.0,True
colorferet,edgeface_xs,112,1024,avif,jpeg_ai,2094299,0.993858565562988,0.9942324376796244,5911,6694,48.514399047996825,3.278726560116044e-12,0.9997019549028135,0.9997173987282696,-1.5443825456040727e-05,delong,0.2760411239918643,3.83680767673154e-12,True
colorferet,edgeface_xs,112,1024,avif,jpeg_fzt,2094299,0.993858565562988,0.9918201746741988,11034,6765,1023.418394291814,1.4588460626236609e-224,0.9997019549028135,0.999596511309742,0.0001054435930716,delong,4.5816867365815755e-08,2.1114877222184563e-224,True
colorferet,edgeface_xs,112,1024,avif,jpeg_xl,2094299,0.993858565562988,0.99156662921579,11252,6452,1300.858619521012,7.355830307405367e-285,0.9997019549028135,0.9995181469390102,0.0001838079638033,delong,2.6782366748501887e-19,1.2642833340852976e-284,True
colorferet,edgeface_xs,112,1024,avif,ours_accurate,2094299,0.993858565562988,0.9944196124813124,5530,6705,112.65026563138537,2.573987078058101e-26,0.9997019549028135,0.9997006835555536,1.2713472600234257e-06,delong,0.9348150861695174,3.145984206515457e-26,True
colorferet,edgeface_xs,112,1024,avif,ours_fast,2094299,0.993858565562988,0.991601963234476,11520,6794,1219.0469040078628,4.424890499482631e-267,0.9997019549028135,0.9995566181441208,0.0001453367586926,delong,1.4247374657533422e-13,6.953399356329847e-267,True
colorferet,edgeface_xs,112,1024,avif,webp,2094299,0.993858565562988,0.993850448288425,6562,6545,0.0195315480277714,0.8888533202894853,0.9997019549028135,0.9997207508641546,-1.879596134102268e-05,delong,0.20793849126273,0.8888533202894852,False
colorferet,edgeface_xs,112,1024,heif,jpeg,2094299,0.991679316086194,0.9903571553059044,13250,10481,322.8614049134044,3.448528555990756e-72,0.9995407276217416,0.9993190857610302,0.0002216418607113,delong,2.1903797783554902e-14,4.626074892182721e-72,True
colorferet,edgeface_xs,112,1024,heif,jpeg2000,2094299,0.991679316086194,0.9443045143028764,109313,10096,82437.7949400799,0.0,0.9995407276217416,0.9868335087017313,0.0127072189200103,delong,0.0,0.0,True
colorferet,edgeface_xs,112,1024,heif,jpeg_ai,2094299,0.991679316086194,0.9942324376796244,5747,11094,1697.0320052253428,0.0,0.9995407276217416,0.9997173987282696,-0.0001766711065279,delong,2.227488843473832e-22,0.0,True
colorferet,edgeface_xs,112,1024,heif,jpeg_fzt,2094299,0.991679316086194,0.9918201746741988,10380,10675,4.105248159582047,0.0427503172109124,0.9995407276217416,0.999596511309742,-5.5783688000299314e-05,delong,0.0095533526950344,0.0461032832666703,True
colorferet,edgeface_xs,112,1024,heif,jpeg_xl,2094299,0.991679316086194,0.99156662921579,10477,10241,2.6655565208997007,0.1025419523304674,0.9995407276217416,0.9995181469390102,2.258068273142122e-05,delong,0.2834433135998474,0.1084578341956867,False
colorferet,edgeface_xs,112,1024,heif,ours_accurate,2094299,0.991679316086194,0.9944196124813124,5492,11231,1968.824014829875,0.0,0.9995407276217416,0.9997006835555536,-0.0001599559338119,delong,6.631992511388312e-15,0.0,True
colorferet,edgeface_xs,112,1024,heif,ours_fast,2094299,0.991679316086194,0.991601963234476,10924,10762,1.1952872821174951,0.2742656373712102,0.9995407276217416,0.9995566181441208,-1.5890522379269356e-05,delong,0.4715158656852315,0.2846152840644634,False
colorferet,edgeface_xs,112,1024,heif,webp,2094299,0.991679316086194,0.993850448288425,6282,10829,1207.7678686225236,1.2506307456802213e-264,0.9995407276217416,0.9997207508641546,-0.0001800232424129,delong,1.590452010823331e-20,1.9106858614558935e-264,True
colorferet,edgeface_xs,112,1024,jpeg,jpeg2000,2094299,0.9903571553059044,0.9443045143028764,108006,11558,77799.5367251012,0.0,0.9993190857610302,0.9868335087017313,0.0124855770592989,delong,0.0,0.0,True
colorferet,edgeface_xs,112,1024,jpeg,jpeg_ai,2094299,0.9903571553059044,0.9942324376796244,6135,14251,3230.316148337094,0.0,0.9993190857610302,0.9997173987282696,-0.0003983129672393,delong,4.3299298342556755e-42,0.0,True
colorferet,edgeface_xs,112,1024,jpeg,jpeg_fzt,2094299,0.9903571553059044,0.9918201746741988,9887,12951,410.8051930992206,2.4482571294562136e-91,0.9993190857610302,0.999596511309742,-0.0002774255487116,delong,5.184911203950349e-18,3.3663535530022935e-91,True
colorferet,edgeface_xs,112,1024,jpeg,jpeg_xl,2094299,0.9903571553059044,0.99156662921579,10619,13152,269.69938159942785,1.319556089419295e-60,0.9993190857610302,0.9995181469390102,-0.0001990611779799,delong,1.3459627405784703e-10,1.6878043004200286e-60,True
colorferet,edgeface_xs,112,1024,jpeg,ours_accurate,2094299,0.9903571553059044,0.9944196124813124,5787,14295,3603.677372771636,0.0,0.9993190857610302,0.9997006835555536,-0.0003815977945232,delong,1.7078600332098047e-31,0.0,True
colorferet,edgeface_xs,112,1024,jpeg,ours_fast,2094299,0.9903571553059044,0.991601963234476,10813,13420,280.24743118887466,6.632491153982771e-63,0.9993190857610302,0.9995566181441208,-0.0002375323830906,delong,1.4230852811264218e-13,8.685405082596484e-63,True
colorferet,edgeface_xs,112,1024,jpeg,webp,2094299,0.9903571553059044,0.993850448288425,6746,14062,2571.569828911957,0.0,0.9993190857610302,0.9997207508641546,-0.0004016651031243,delong,1.9780844522177116e-39,0.0,True
colorferet,edgeface_xs,112,1024,jpeg2000,jpeg_ai,2094299,0.9443045143028764,0.9942324376796244,6705,111269,92676.53015918762,0.0,0.9868335087017313,0.9997173987282696,-0.0128838900265383,delong,0.0,0.0,True
colorferet,edgeface_xs,112,1024,jpeg2000,jpeg_fzt,2094299,0.9443045143028764,0.9918201746741988,8782,108294,84581.29011069733,0.0,0.9868335087017313,0.999596511309742,-0.0127630026080106,delong,0.0,0.0,True
colorferet,edgeface_xs,112,1024,jpeg2000,jpeg_xl,2094299,0.9443045143028764,0.99156662921579,9664,108645,82808.91901715001,0.0,0.9868335087017313,0.9995181469390102,-0.0126846382372789,delong,0.0,0.0,True
colorferet,edgeface_xs,112,1024,jpeg2000,ours_accurate,2094299,0.9443045143028764,0.9944196124813124,6273,111229,93747.78322922163,0.0,0.9868335087017313,0.9997006835555536,-0.0128671748538222,delong,0.0,0.0,True
colorferet,edgeface_xs,112,1024,jpeg2000,ours_fast,2094299,0.9443045143028764,0.991601963234476,9877,108932,82583.76819937883,0.0,0.9868335087017313,0.9995566181441208,-0.0127231094423896,delong,0.0,0.0,True
colorferet,edgeface_xs,112,1024,jpeg2000,webp,2094299,0.9443045143028764,0.993850448288425,7107,110871,91260.74496092492,0.0,0.9868335087017313,0.9997207508641546,-0.0128872421624233,delong,0.0,0.0,True
colorferet,edgeface_xs,112,1024,jpeg_ai,jpeg_fzt,2094299,0.9942324376796244,0.9918201746741988,11178,6126,1474.3759246417014,0.0,0.9997173987282696,0.999596511309742,0.0001208874185276,delong,3.489403873228048e-09,0.0,True
colorferet,edgeface_xs,112,1024,jpeg_ai,jpeg_xl,2094299,0.9942324376796244,0.99156662921579,11661,6078,1756.509611590281,0.0,0.9997173987282696,0.9995181469390102,0.0001992517892593,delong,1.7430875132193918e-20,0.0,True
colorferet,edgeface_xs,112,1024,jpeg_ai,ours_accurate,2094299,0.9942324376796244,0.9944196124813124,5263,5655,14.002656164132626,0.0001825525670759,0.9997173987282696,0.9997006835555536,1.6715172716064153e-05,delong,0.2681406803599957,0.0002091748164412,True
colorferet,edgeface_xs,112,1024,jpeg_ai,ours_fast,2094299,0.9942324376796244,0.991601963234476,11648,6139,1705.631303761174,0.0,0.9997173987282696,0.9995566181441208,0.0001607805841487,delong,3.253778444015092e-20,0.0,True
colorferet,edgeface_xs,112,1024,jpeg_ai,webp,2094299,0.9942324376796244,0.993850448288425,6641,5841,51.14572985098542,8.575702762518073e-13,0.9997173987282696,0.9997207508641546,-3.352135884981955e-06,delong,0.8002339856458808,1.0253557650836829e-12,True
colorferet,edgeface_xs,112,1024,jpeg_fzt,jpeg_xl,2094299,0.9918201746741988,0.99156662921579,10428,9897,13.820418204182042,0.0002011384668503,0.999596511309742,0.9995181469390102,7.836437073172053e-05,delong,0.0002692255841545,0.0002257676668728,True
colorferet,edgeface_xs,112,1024,jpeg_fzt,ours_accurate,2094299,0.9918201746741988,0.9944196124813124,5681,11125,1762.837617517553,0.0,0.999596511309742,0.9997006835555536,-0.0001041722458116,delong,3.4154660973266543e-06,0.0,True
colorferet,edgeface_xs,112,1024,jpeg_fzt,ours_fast,2094299,0.9918201746741988,0.991601963234476,10437,9980,10.18445413136112,0.0014162964283648,0.999596511309742,0.9995566181441208,3.989316562102996e-05,delong,0.0725256857380247,0.0015579260712012,True
colorferet,edgeface_xs,112,1024,jpeg_fzt,webp,2094299,0.9918201746741988,0.993850448288425,6981,11233,992.1489513560996,9.137083400219629e-218,0.999596511309742,0.9997207508641546,-0.0001242395544126,delong,1.2433475817912646e-09,1.288563043620717e-217,True
colorferet,edgeface_xs,112,1024,jpeg_xl,ours_accurate,2094299,0.99156662921579,0.9944196124813124,5587,11562,2081.0937080879357,0.0,0.9995181469390102,0.9997006835555536,-0.0001825366165433,delong,2.359088181608841e-16,0.0,True
colorferet,edgeface_xs,112,1024,jpeg_xl,ours_fast,2094299,0.99156662921579,0.991601963234476,10678,10752,0.2486700886607559,0.6180130694521475,0.9995181469390102,0.9995566181441208,-3.8471205110690576e-05,delong,0.0877735246920001,0.6294577559234836,False
colorferet,edgeface_xs,112,1024,jpeg_xl,webp,2094299,0.99156662921579,0.993850448288425,6732,11515,1253.2210226338575,1.6561245847272124e-274,0.9995181469390102,0.9997207508641546,-0.0002026039251443,delong,4.5640821679081296e-21,2.76020764121202e-274,True
colorferet,edgeface_xs,112,1024,ours_accurate,ours_fast,2094299,0.9944196124813124,0.991601963234476,11040,5139,2151.554484207924,0.0,0.9997006835555536,0.9995566181441208,0.0001440654114326,delong,3.4069931612158625e-14,0.0,True
colorferet,edgeface_xs,112,1024,ours_accurate,webp,2094299,0.9944196124813124,0.993850448288425,6656,5464,117.03638613861386,2.8184907760723157e-27,0.9997006835555536,0.9997207508641546,-2.0067308601046108e-05,delong,0.1140714027374777,3.523113470090394e-27,True
colorferet,edgeface_xs,112,1024,ours_fast,webp,2094299,0.991601963234476,0.993850448288425,6885,11594,1199.4839547594568,7.896782601763707e-263,0.9995566181441208,0.9997207508641546,-0.0001641327200336,delong,5.936593705539736e-19,1.1738460624243348e-262,True
colorferet,lvface_l,112,1024,aligned,avif,2094299,0.9974936721069914,0.9955374089373102,7927,3830,1426.9980437186357,0.0,0.9998673735414528,0.9997479957388576,0.0001193778025951,delong,1.11040884133272e-08,0.0,True
colorferet,lvface_l,112,1024,aligned,heif,2094299,0.9974936721069914,0.993725346762807,11793,3901,3967.623359245572,0.0,0.9998673735414528,0.9993274658942976,0.000539907647155,delong,3.2707953839512467e-38,0.0,True
colorferet,lvface_l,112,1024,aligned,jpeg,2094299,0.9974936721069914,0.9926476591928852,14271,4122,5598.972652639591,0.0,0.9998673735414528,0.9992337083659388,0.0006336651755139,delong,8.810297583685945e-45,0.0,True
colorferet,lvface_l,112,1024,aligned,jpeg2000,2094299,0.9974936721069914,0.9558931174583952,91159,4035,79736.29776036304,0.0,0.9998673735414528,0.9896211504206684,0.0102462231207842,delong,0.0,0.0,True
colorferet,lvface_l,112,1024,aligned,jpeg_ai,2094299,0.9974936721069914,0.9964503635822776,5958,3773,490.1712054259583,1.3078555505759525e-108,0.9998673735414528,0.9998632759438024,4.097597650298823e-06,delong,0.8233382659223171,1.7544403727238386e-108,True
colorferet,lvface_l,112,1024,aligned,jpeg_fzt,2094299,0.9974936721069914,0.9939306660605768,11397,3935,3630.7409992173234,0.0,0.9998673735414528,0.9995364173833212,0.0003309561581315,delong,2.9395883702635293e-23,0.0,True
colorferet,lvface_l,112,1024,aligned,jpeg_xl,2094299,0.9974936721069914,0.9945189297230242,10321,4091,2692.231543158479,0.0,0.9998673735414528,0.9995652639509564,0.0003021095904963,delong,6.325098916531956e-17,0.0,True
colorferet,lvface_l,112,1024,aligned,ours_accurate,2094299,0.9974936721069914,0.9955636707079552,7361,3319,1528.9963483146068,0.0,0.9998673735414528,0.999768092305131,9.928123632174656e-05,delong,4.457327328729412e-07,0.0,True
colorferet,lvface_l,112,1024,aligned,ours_fast,2094299,0.9974936721069914,0.991648756934898,15938,3697,7630.12987012987,0.0,0.9998673735414528,0.9992358241691716,0.000631549372281,delong,3.0396065047856656e-48,0.0,True
colorferet,lvface_l,112,1024,aligned,webp,2094299,0.9974936721069914,0.9958759470352608,7360,3972,1012.3340098835156,3.7438033729075413e-222,0.9998673735414528,0.999696562880509,0.0001708106609437,delong,2.7231395937054478e-12,6.642231790642411e-222,True
colorferet,lvface_l,112,1024,avif,heif,2094299,0.9955374089373102,0.993725346762807,10313,6518,855.2335571267305,5.294001542305909e-188,0.9997479957388576,0.9993274658942976,0.0004205298445598,delong,7.374822726961656e-22,8.563826024318384e-188,True
colorferet,lvface_l,112,1024,avif,jpeg,2094299,0.9955374089373102,0.9926476591928852,13157,7105,1807.057595498964,0.0,0.9997479957388576,0.9992337083659388,0.0005142873729188,delong,6.701998760164418e-29,0.0,True
colorferet,lvface_l,112,1024,avif,jpeg2000,2094299,0.9955374089373102,0.9558931174583952,89850,6823,71305.50077063916,0.0,0.9997479957388576,0.9896211504206684,0.010126845318189,delong,0.0,0.0,True
colorferet,lvface_l,112,1024,avif,jpeg_ai,2094299,0.9955374089373102,0.9964503635822776,5258,7170,293.8462343096234,7.21963689099053e-66,0.9997479957388576,0.9998632759438024,-0.0001152802049448,delong,6.644268392965189e-07,9.234419279173933e-66,True
colorferet,lvface_l,112,1024,avif,jpeg_fzt,2094299,0.9955374089373102,0.9939306660605768,10150,6785,668.2312370829643,2.422477331763674e-147,0.9997479957388576,0.9995364173833212,0.0002115783555363,delong,2.9920662379800137e-10,3.4163141858205664e-147,True
colorferet,lvface_l,112,1024,avif,jpeg_xl,2094299,0.9955374089373102,0.9945189297230242,9347,7214,274.4655515971258,1.2069539672217353e-61,0.9997479957388576,0.9995652639509564,0.0001827317879011,delong,2.726754132076872e-07,1.4751659599376765e-61,True
colorferet,lvface_l,112,1024,avif,ours_accurate,2094299,0.9955374089373102,0.9955636707079552,7140,7195,0.203418207185211,0.6519758001982925,0.9997479957388576,0.999768092305131,-2.009656627344203e-05,delong,0.4028933725208714,0.6519758001982925,False
colorferet,lvface_l,112,1024,avif,ours_fast,2094299,0.9955374089373102,0.991648756934898,14859,6715,3073.5352275887644,0.0,0.9997479957388576,0.9992358241691716,0.0005121715696858,delong,7.359309546525898e-32,0.0,True
colorferet,lvface_l,112,1024,avif,webp,2094299,0.9955374089373102,0.9958759470352608,6510,7219,36.51132638939471,1.5178171089051996e-09,0.9997479957388576,0.999696562880509,5.143285834852129e-05,delong,0.0629719368319493,1.6053834805728074e-09,True
colorferet,lvface_l,112,1024,heif,jpeg,2094299,0.993725346762807,0.9926476591928852,12660,10403,220.67970342106403,6.428711846491952e-50,0.9993274658942976,0.9992337083659388,9.37575283589398e-05,delong,0.0352619018758241,7.522960671426753e-50,True
colorferet,lvface_l,112,1024,heif,jpeg2000,2094299,0.993725346762807,0.9558931174583952,89061,9829,63480.14319951461,0.0,0.9993274658942976,0.9896211504206684,0.0097063154736292,delong,0.0,0.0,True
colorferet,lvface_l,112,1024,heif,jpeg_ai,2094299,0.993725346762807,0.9964503635822776,5283,10990,2000.7642106556875,0.0,0.9993274658942976,0.9998632759438024,-0.0005358100495047,delong,3.479071276370262e-33,0.0,True
colorferet,lvface_l,112,1024,heif,jpeg_fzt,2094299,0.993725346762807,0.9939306660605768,9815,10245,9.174526420737786,0.0024540686111645,0.9993274658942976,0.9995364173833212,-0.0002089514890235,delong,6.10855406268484e-05,0.002499514326186,True
colorferet,lvface_l,112,1024,heif,jpeg_xl,2094299,0.993725346762807,0.9945189297230242,9090,10752,139.0445015623425,4.306893269684863e-32,0.9993274658942976,0.9995652639509564,-0.0002377980566586,delong,2.386612006886907e-07,4.834267955768723e-32,True
colorferet,lvface_l,112,1024,heif,ours_accurate,2094299,0.993725346762807,0.9955636707079552,7082,10932,822.4048517819474,7.259826419480261e-181,0.9993274658942976,0.999768092305131,-0.0004406264108333,delong,3.8556505121101816e-22,1.140829865918327e-180,True
colorferet,lvface_l,112,1024,heif,ours_fast,2094299,0.993725346762807,0.991648756934898,14409,10060,772.6144918059586,4.856161469569054e-170,0.9993274658942976,0.9992358241691716,9.164172512599043e-05,delong,0.0827457042733019,7.419135578508276e-170,True
colorferet,lvface_l,112,1024,heif,webp,2094299,0.993725346762807,0.9958759470352608,6317,10821,1183.1607538802662,2.7858554979046503e-259,0.9993274658942976,0.999696562880509,-0.0003690969862113,delong,1.1387408398391445e-19,5.283519047750197e-259,True
colorferet,lvface_l,112,1024,jpeg,jpeg2000,2094299,0.9926476591928852,0.9558931174583952,88561,11586,59162.99715418335,0.0,0.9992337083659388,0.9896211504206684,0.0096125579452702,delong,0.0,0.0,True
colorferet,lvface_l,112,1024,jpeg,jpeg_ai,2094299,0.9926476591928852,0.9964503635822776,5631,13595,3298.105118069281,0.0,0.9992337083659388,0.9998632759438024,-0.0006295675778636,delong,4.4955661475050506e-42,0.0,True
colorferet,lvface_l,112,1024,jpeg,jpeg_fzt,2094299,0.9926476591928852,0.9939306660605768,9718,12405,326.11291416173214,6.751726499634537e-73,0.9992337083659388,0.9995364173833212,-0.0003027090173824,delong,3.6481637434269812e-09,8.841546606664274e-73,True
colorferet,lvface_l,112,1024,jpeg,jpeg_xl,2094299,0.9926476591928852,0.9945189297230242,8514,12433,732.836396620041,2.1649323900674457e-161,0.9992337083659388,0.9995652639509564,-0.0003315555850176,delong,3.99112568053286e-12,3.218142741992149e-161,True
colorferet,lvface_l,112,1024,jpeg,ours_accurate,2094299,0.9926476591928852,0.9955636707079552,7446,13553,1775.4767369874755,0.0,0.9992337083659388,0.999768092305131,-0.0005343839391922,delong,8.691436049485605e-32,0.0,True
colorferet,lvface_l,112,1024,jpeg,ours_fast,2094299,0.9926476591928852,0.991648756934898,14587,12495,161.44601580385495,5.4666328623101264e-37,0.9992337083659388,0.9992358241691716,-2.1158032329493537e-06,delong,0.9685968041375072,6.263850154730354e-37,True
colorferet,lvface_l,112,1024,jpeg,webp,2094299,0.9926476591928852,0.9958759470352608,6060,12821,2420.2955351941105,0.0,0.9992337083659388,0.999696562880509,-0.0004628545145702,delong,6.93616883094081e-30,0.0,True
colorferet,lvface_l,112,1024,jpeg2000,jpeg_ai,2094299,0.9558931174583952,0.9964503635822776,5494,90433,75207.85434757681,0.0,0.9896211504206684,0.9998632759438024,-0.0102421255231339,delong,0.0,0.0,True
colorferet,lvface_l,112,1024,jpeg2000,jpeg_fzt,2094299,0.9558931174583952,0.9939306660605768,8762,88424,65296.18382277283,0.0,0.9896211504206684,0.9995364173833212,-0.0099152669626527,delong,0.0,0.0,True
colorferet,lvface_l,112,1024,jpeg2000,jpeg_xl,2094299,0.9558931174583952,0.9945189297230242,8378,89272,67011.54581669226,0.0,0.9896211504206684,0.9995652639509564,-0.0099441135302879,delong,0.0,0.0,True
colorferet,lvface_l,112,1024,jpeg2000,ours_accurate,2094299,0.9558931174583952,0.9955636707079552,7039,90121,71042.12187114039,0.0,0.9896211504206684,0.999768092305131,-0.0101469418844625,delong,0.0,0.0,True
colorferet,lvface_l,112,1024,jpeg2000,ours_fast,2094299,0.9558931174583952,0.991648756934898,12986,87869,55597.7782360815,0.0,0.9896211504206684,0.9992358241691716,-0.0096146737485032,delong,0.0,0.0,True
colorferet,lvface_l,112,1024,jpeg2000,webp,2094299,0.9558931174583952,0.9958759470352608,6390,90126,72646.50653777612,0.0,0.9896211504206684,0.999696562880509,-0.0100754124598405,delong,0.0,0.0,True
colorferet,lvface_l,112,1024,jpeg_ai,jpeg_fzt,2094299,0.9964503635822776,0.9939306660605768,10695,5418,1727.5601067461057,0.0,0.9998632759438024,0.9995364173833212,0.0003268585604812,delong,5.599369033564061e-23,0.0,True
colorferet,lvface_l,112,1024,jpeg_ai,jpeg_xl,2094299,0.9964503635822776,0.9945189297230242,9773,5728,1055.0245790594156,1.968890759623978e-231,0.9998632759438024,0.9995652639509564,0.000298011992846,delong,1.8978306781886374e-17,3.6096330593106256e-231,True
colorferet,lvface_l,112,1024,jpeg_ai,ours_accurate,2094299,0.9964503635822776,0.9955636707079552,7267,5410,271.73116667981384,4.760070701076749e-61,0.9998632759438024,0.999768092305131,9.518363867144776e-05,delong,3.156317831137937e-07,5.6913888817222e-61,True
colorferet,lvface_l,112,1024,jpeg_ai,ours_fast,2094299,0.9964503635822776,0.991648756934898,15318,5262,4912.683430515063,0.0,0.9998632759438024,0.9992358241691716,0.0006274517746307,delong,5.115723007130545e-47,0.0,True
colorferet,lvface_l,112,1024,jpeg_ai,webp,2094299,0.9964503635822776,0.9958759470352608,6848,5645,115.6490834867526,5.6729924020410254e-27,0.9998632759438024,0.999696562880509,0.0001667130632934,delong,5.527727081894291e-12,6.2402916422451266e-27,True
colorferet,lvface_l,112,1024,jpeg_fzt,jpeg_xl,2094299,0.9939306660605768,0.9945189297230242,8728,9960,81.08738227739725,2.1595441113848697e-19,0.9995364173833212,0.9995652639509564,-2.884656763513238e-05,delong,0.4956101468980339,2.328920120120938e-19,True
colorferet,lvface_l,112,1024,jpeg_fzt,ours_accurate,2094299,0.9939306660605768,0.9955636707079552,7036,10456,668.2804139034987,2.3635520927021906e-147,0.9995364173833212,0.999768092305131,-0.0002316749218097,delong,2.5367858895095e-15,3.4163141858205664e-147,True
colorferet,lvface_l,112,1024,jpeg_fzt,ours_fast,2094299,0.9939306660605768,0.991648756934898,13744,8965,1005.296754590691,1.26749246749978e-220,0.9995364173833212,0.9992358241691716,0.0003005932141495,delong,8.660273252620347e-12,2.1785026785152467e-220,True
colorferet,lvface_l,112,1024,jpeg_fzt,webp,2094299,0.9939306660605768,0.9958759470352608,6405,10479,982.5473229092632,1.1165602412197018e-215,0.9995364173833212,0.999696562880509,-0.0001601454971877,delong,1.851205839007097e-05,1.8609337353661694e-215,True
colorferet,lvface_l,112,1024,jpeg_xl,ours_accurate,2094299,0.9945189297230242,0.9955636707079552,7493,9681,278.5005822755328,1.593486238280898e-62,0.9995652639509564,0.999768092305131,-0.0002028283541746,delong,1.0985866786446992e-08,1.991857797851122e-62,True
colorferet,lvface_l,112,1024,jpeg_xl,ours_fast,2094299,0.9945189297230242,0.991648756934898,14838,8827,1526.308894992605,0.0,0.9995652639509564,0.9992358241691716,0.0003294397817846,delong,2.3902280690195652e-11,0.0,True
colorferet,lvface_l,112,1024,jpeg_xl,webp,2094299,0.9945189297230242,0.9958759470352608,6458,9300,512.2021195583196,2.104255672809388e-113,0.9995652639509564,0.999696562880509,-0.0001312989295526,delong,0.0003095376865652,2.8933515501129075e-113,True
colorferet,lvface_l,112,1024,ours_accurate,ours_fast,2094299,0.9955636707079552,0.991648756934898,14557,6358,3213.3494621085347,0.0,0.999768092305131,0.9992358241691716,0.0005322681359593,delong,2.302753988882288e-39,0.0,True
colorferet,lvface_l,112,1024,ours_accurate,webp,2094299,0.9955636707079552,0.9958759470352608,6888,7542,29.55017325017325,5.448778288641843e-08,0.999768092305131,0.999696562880509,7.152942462196332e-05,delong,0.0038311391419082,5.6543925636849324e-08,True
colorferet,lvface_l,112,1024,ours_fast,webp,2094299,0.991648756934898,0.9958759470352608,6340,15193,3638.968281242744,0.0,0.9992358241691716,0.999696562880509,-0.0004607387113373,delong,1.9134723803934678e-25,0.0,True
colorferet,topofr_r100,112,1024,aligned,avif,2094299,0.9996256503966244,0.9986682894849302,2297,292,1551.184241019699,0.0,0.9999855156307303,0.9999789724015936,6.543229136735107e-06,delong,0.2894846062159628,0.0,True
colorferet,topofr_r100,112,1024,aligned,heif,2094299,0.9996256503966244,0.997881868825798,3940,288,3152.7438505203404,0.0,0.9999855156307303,0.9999486094785176,3.6906152212856647e-05,delong,5.380842058220661e-07,0.0,True
colorferet,topofr_r100,112,1024,aligned,jpeg,2094299,0.9996256503966244,0.9966685750220002,6473,280,5677.604620168814,0.0,0.9999855156307303,0.9998843169114704,0.00010119871926,delong,4.705630493134783e-27,0.0,True
colorferet,topofr_r100,112,1024,aligned,jpeg2000,2094299,0.9996256503966244,0.9649515183839557,72967,349,71924.66431611108,0.0,0.9999855156307303,0.99361641394964,0.0063691016810903,delong,0.0,0.0,True
colorferet,topofr_r100,112,1024,aligned,jpeg_ai,2094299,0.9996256503966244,0.998998232821579,1572,258,942.05956284153,7.060024510931941e-207,0.9999855156307303,0.9999842274804304,1.2881502999828598e-06,delong,0.7299064073649068,1.0786148558368241e-206,True
colorferet,topofr_r100,112,1024,aligned,jpeg_fzt,2094299,0.9996256503966244,0.9975757998260992,4564,271,3809.9822130299895,0.0,0.9999855156307303,0.999899750872,8.576475873023348e-05,delong,2.0491567542557284e-06,0.0,True
colorferet,topofr_r100,112,1024,aligned,jpeg_xl,2094299,0.9996256503966244,0.9974215716094024,4893,277,4119.579303675048,0.0,0.9999855156307303,0.9999163731001256,6.914253060463782e-05,delong,1.3213966279991422e-09,0.0,True
colorferet,topofr_r100,112,1024,aligned,ours_accurate,2094299,0.9996256503966244,0.9985446204195294,2478,214,1902.3658989598807,0.0,0.9999855156307303,0.9999537931535812,3.1722477148998784e-05,delong,1.1589637441091874e-06,0.0,True
colorferet,topofr_r100,112,1024,aligned,ours_fast,2094299,0.9996256503966244,0.9962703510816746,7289,262,6537.50178784267,0.0,0.9999855156307303,0.9998823277686628,0.0001031878620674,delong,1.2055557837446142e-16,0.0,True
colorferet,topofr_r100,112,1024,aligned,webp,2094299,0.9996256503966244,0.9987427774162142,2116,267,1433.1112043642468,0.0,0.9999855156307303,0.999984788189768,7.274409624669076e-07,delong,0.9010025728236885,0.0,True
colorferet,topofr_r100,112,1024,avif,heif,2094299,0.9986682894849302,0.997881868825798,3100,1453,595.0617175488688,1.9857387198373349e-131,0.9999789724015936,0.9999486094785176,3.036292307612154e-05,delong,4.005387063779354e-05,2.60037213312032e-131,True
colorferet,topofr_r100,112,1024,avif,jpeg,2094299,0.9986682894849302,0.9966685750220002,5519,1331,2559.2655474452554,0.0,0.9999789724015936,0.9998843169114704,9.465549012332986e-05,delong,5.203486279645166e-19,0.0,True
colorferet,topofr_r100,112,1024,avif,jpeg2000,2094299,0.9986682894849302,0.9649515183839557,71978,1365,67982.69151793627,0.0,0.9999789724015936,0.99361641394964,0.0063625584519536,delong,0.0,0.0,True
colorferet,topofr_r100,112,1024,avif,jpeg_ai,2094299,0.9986682894849302,0.998998232821579,1126,1817,161.7737003058104,4.635847233399087e-37,0.9999789724015936,0.9999842274804304,-5.255078836752247e-06,delong,0.2988331361242422,5.424927613552123e-37,True
colorferet,topofr_r100,112,1024,avif,jpeg_fzt,2094299,0.9986682894849302,0.9975757998260992,3728,1440,1012.0683049535604,4.276288657342589e-222,0.9999789724015936,0.999899750872,7.922152959349837e-05,delong,2.9374368780421964e-06,6.917525769230659e-222,True
colorferet,topofr_r100,112,1024,avif,jpeg_xl,2094299,0.9986682894849302,0.9974215716094024,4007,1396,1260.799555802332,3.733604602032331e-276,0.9999789724015936,0.9999163731001256,6.259930146790271e-05,delong,5.967103410763674e-10,6.6241371971541365e-276,True
colorferet,topofr_r100,112,1024,avif,ours_accurate,2094299,0.9986682894849302,0.9985446204195294,1943,1684,18.35235732009925,1.8359169043738573e-05,0.9999789724015936,0.9999537931535812,2.517924801226368e-05,delong,0.0017795901130938,1.9051967875577764e-05,True
colorferet,topofr_r100,112,1024,avif,ours_fast,2094299,0.9986682894849302,0.9962703510816746,6438,1416,3209.8855360325947,0.0,0.9999789724015936,0.9998823277686628,9.664463293068692e-05,delong,8.260149793317154e-21,0.0,True
colorferet,topofr_r100,112,1024,avif,webp,2094299,0.9986682894849302,0.9987427774162142,1512,1668,7.55503144654088,0.0059842753944411,0.9999789724015936,0.999984788189768,-5.815788174268199e-06,delong,0.1283370759382107,0.0059842753944411,True
colorferet,topofr_r100,112,1024,heif,jpeg,2094299,0.997881868825798,0.9966685750220002,5084,2543,845.8896027271535,5.690860335844818e-186,0.9999486094785176,0.9998843169114704,6.429256704720832e-05,delong,4.226097850432813e-10,8.236771538722763e-186,True
colorferet,topofr_r100,112,1024,heif,jpeg2000,2094299,0.997881868825798,0.9649515183839557,71281,2315,64625.40389423338,0.0,0.9999486094785176,0.99361641394964,0.0063321955288775,delong,0.0,0.0,True
colorferet,topofr_r100,112,1024,heif,jpeg_ai,2094299,0.997881868825798,0.998998232821579,1040,3378,1236.208465368945,8.246812203294836e-271,0.9999486094785176,0.9999842274804304,-3.561800191287379e-05,delong,4.307006807028236e-07,1.4174208474413002e-270,True
colorferet,topofr_r100,112,1024,heif,jpeg_fzt,2094299,0.997881868825798,0.9975757998260992,3368,2727,67.20262510254307,2.4498769509623194e-16,0.9999486094785176,0.999899750872,4.885860651737684e-05,delong,0.006246876786362,2.642024162802501e-16,True
colorferet,topofr_r100,112,1024,heif,jpeg_xl,2094299,0.997881868825798,0.9974215716094024,3672,2708,145.35564263322885,1.795598680440614e-33,0.9999486094785176,0.9999163731001256,3.223637839178117e-05,delong,0.0027091108143948,2.0574568213382042e-33,True
colorferet,topofr_r100,112,1024,heif,ours_accurate,2094299,0.997881868825798,0.9985446204195294,1790,3178,387.2320853462158,3.314828528608946e-86,0.9999486094785176,0.9999537931535812,-5.183675063857862e-06,delong,0.5358562027418803,4.143535660761182e-86,True
colorferet,topofr_r100,112,1024,heif,ours_fast,2094299,0.997881868825798,0.9962703510816746,6044,2669,1306.5391943073569,4.287121918003023e-286,0.9999486094785176,0.9998823277686628,6.628170985456538e-05,delong,2.4098709984795848e-08,7.859723516338876e-286,True
colorferet,topofr_r100,112,1024,heif,webp,2094299,0.997881868825798,0.9987427774162142,1373,3176,713.8280940866124,2.9426310465094616e-157,0.9999486094785176,0.999984788189768,-3.617871125038974e-05,delong,4.3514976088824645e-07,4.0461176889505087e-157,True
colorferet,topofr_r100,112,1024,jpeg,jpeg2000,2094299,0.9966685750220002,0.9649515183839557,70075,3650,59846.01934214989,0.0,0.9998843169114704,0.99361641394964,0.0062679029618303,delong,0.0,0.0,True
colorferet,topofr_r100,112,1024,jpeg,jpeg_ai,2094299,0.9966685750220002,0.998998232821579,950,5829,3510.087623543296,0.0,0.9998843169114704,0.9999842274804304,-9.99105689600821e-05,delong,9.690259467377596e-23,0.0,True
colorferet,topofr_r100,112,1024,jpeg,jpeg_fzt,2094299,0.9966685750220002,0.9975757998260992,2777,4677,483.7940702978267,3.192781104870115e-107,0.9998843169114704,0.999899750872,-1.543396052983148e-05,delong,0.3789819128753582,4.083789785298984e-107,True
colorferet,topofr_r100,112,1024,jpeg,jpeg_xl,2094299,0.9966685750220002,0.9974215716094024,3264,4841,306.44984577421343,1.2960329937792916e-68,0.9998843169114704,0.9999163731001256,-3.205618865542714e-05,delong,0.009998088635122,1.5840403257302454e-68,True
colorferet,topofr_r100,112,1024,jpeg,ours_accurate,2094299,0.9966685750220002,0.9985446204195294,1567,5496,2184.508565765256,0.0,0.9998843169114704,0.9999537931535812,-6.947624211106618e-05,delong,1.0227473158003728e-12,0.0,True
colorferet,topofr_r100,112,1024,jpeg,ours_fast,2094299,0.9966685750220002,0.9962703510816746,5508,4674,68.14859556079355,1.5162743049028361e-16,0.9998843169114704,0.9998823277686628,1.9891428073570694e-06,delong,0.8814060535933883,1.667901735393119e-16,True
colorferet,topofr_r100,112,1024,jpeg,webp,2094299,0.9966685750220002,0.9987427774162142,1203,5547,2794.3183703703703,0.0,0.9998843169114704,0.999984788189768,-0.0001004712782975,delong,1.8129684982794772e-22,0.0,True
colorferet,topofr_r100,112,1024,jpeg2000,jpeg_ai,2094299,0.9649515183839557,0.998998232821579,988,72292,69379.33691320961,0.0,0.99361641394964,0.9999842274804304,-0.0063678135307904,delong,0.0,0.0,True
colorferet,topofr_r100,112,1024,jpeg2000,jpeg_fzt,2094299,0.9649515183839557,0.9975757998260992,2292,70617,64027.33511637795,0.0,0.99361641394964,0.999899750872,-0.0062833369223601,delong,0.0,0.0,True
colorferet,topofr_r100,112,1024,jpeg2000,jpeg_xl,2094299,0.9649515183839557,0.9974215716094024,2719,70721,62964.81482843137,0.0,0.99361641394964,0.9999163731001256,-0.0062999591504857,delong,0.0,0.0,True
colorferet,topofr_r100,112,1024,jpeg2000,ours_accurate,2094299,0.9649515183839557,0.9985446204195294,1576,71930,67335.24622479797,0.0,0.99361641394964,0.9999537931535812,-0.0063373792039413,delong,0.0,0.0,True
colorferet,topofr_r100,112,1024,jpeg2000,ours_fast,2094299,0.9649515183839557,0.9962703510816746,4368,69959,57880.01802844188,0.0,0.99361641394964,0.9998823277686628,-0.0062659138190229,delong,0.0,0.0,True
colorferet,topofr_r100,112,1024,jpeg2000,webp,2094299,0.9649515183839557,0.9987427774162142,1251,72020,68350.50461983595,0.0,0.99361641394964,0.999984788189768,-0.0063683742401279,delong,0.0,0.0,True
colorferet,topofr_r100,112,1024,jpeg_ai,jpeg_fzt,2094299,0.998998232821579,0.9975757998260992,3999,1020,1766.982267383941,0.0,0.9999842274804304,0.999899750872,8.447660843025062e-05,delong,1.7382662572804353e-06,0.0,True
colorferet,topofr_r100,112,1024,jpeg_ai,jpeg_xl,2094299,0.998998232821579,0.9974215716094024,4308,1006,2050.545916447121,0.0,0.9999842274804304,0.9999163731001256,6.785438030465496e-05,delong,3.80133195369358e-10,0.0,True
colorferet,topofr_r100,112,1024,jpeg_ai,ours_accurate,2094299,0.998998232821579,0.9985446204195294,2034,1084,288.8393200769724,8.901428002179404e-65,0.9999842274804304,0.9999537931535812,3.0434326849015925e-05,delong,2.841670967070184e-06,1.0643011741736243e-64,True
colorferet,topofr_r100,112,1024,jpeg_ai,ours_fast,2094299,0.998998232821579,0.9962703510816746,6710,997,4233.41689373297,0.0,0.9999842274804304,0.9998823277686628,0.0001018997117674,delong,2.4785793763522623e-18,0.0,True
colorferet,topofr_r100,112,1024,jpeg_ai,webp,2094299,0.998998232821579,0.9987427774162142,1679,1144,101.0116896918172,9.144219150003225e-24,0.9999842274804304,0.999984788189768,-5.607093375159522e-07,delong,0.9021300520387132,1.0263919454085253e-23,True
colorferet,topofr_r100,112,1024,jpeg_fzt,jpeg_xl,2094299,0.9975757998260992,0.9974215716094024,3245,2922,16.812712826333712,4.1255994932490816e-05,0.999899750872,0.9999163731001256,-1.662222812559566e-05,delong,0.3017231252212788,4.201999483864805e-05,True
colorferet,topofr_r100,112,1024,jpeg_fzt,ours_accurate,2094299,0.9975757998260992,0.9985446204195294,1594,3623,788.3427257044278,1.8475047294621788e-173,0.999899750872,0.9999537931535812,-5.40422815812347e-05,delong,0.003309672296148,2.6054553877030728e-173,True
colorferet,topofr_r100,112,1024,jpeg_fzt,ours_fast,2094299,0.9975757998260992,0.9962703510816746,5455,2721,913.5627446183952,1.105267371769403e-200,0.999899750872,0.9998823277686628,1.742310333718855e-05,delong,0.3118155287940125,1.6429650120896533e-200,True
colorferet,topofr_r100,112,1024,jpeg_fzt,webp,2094299,0.9975757998260992,0.9987427774162142,1332,3776,1168.4120986687549,4.4700009355625355e-256,0.999899750872,0.999984788189768,-8.503731776776657e-05,delong,7.883341549592306e-08,7.450001559270893e-256,True
colorferet,topofr_r100,112,1024,jpeg_xl,ours_accurate,2094299,0.9974215716094024,0.9985446204195294,1643,3995,980.3478183753105,3.3572536807090316e-215,0.9999163731001256,0.9999537931535812,-3.742005345563904e-05,delong,0.0023104148686525,5.275684355399907e-215,True
colorferet,topofr_r100,112,1024,jpeg_xl,ours_fast,2094299,0.9974215716094024,0.9962703510816746,5650,3239,653.4030824614692,4.064533850471386e-144,0.9999163731001256,0.9998823277686628,3.404533146278421e-05,delong,0.0064693083101419,5.45242345794942e-144,True
colorferet,topofr_r100,112,1024,jpeg_xl,webp,2094299,0.9974215716094024,0.9987427774162142,1364,4131,1392.3122838944496,9.83987039681014e-305,0.9999163731001256,0.999984788189768,-6.841508964217091e-05,delong,8.007214168837395e-12,1.866182316636406e-304,True
colorferet,topofr_r100,112,1024,ours_accurate,ours_fast,2094299,0.9985446204195294,0.9962703510816746,6093,1330,3054.9163411019804,0.0,0.9999537931535812,0.9998823277686628,7.146538491842325e-05,delong,2.5706033855485344e-09,0.0,True
colorferet,topofr_r100,112,1024,ours_accurate,webp,2094299,0.9985446204195294,0.9987427774162142,1532,1947,49.26588100028744,2.2351646920642197e-12,0.9999537931535812,0.999984788189768,-3.099503618653188e-05,delong,6.422374205433462e-05,2.3641165012217706e-12,True
colorferet,topofr_r100,112,1024,ours_fast,webp,2094299,0.9962703510816746,0.9987427774162142,1330,6508,3419.409160500128,0.0,0.9998823277686628,0.999984788189768,-0.0001024604211049,delong,4.28789744519607e-21,0.0,True
