dataset,res,budget,source_codec,second_codec,eer,delta_eer_vs_singlepass
colorferet,112,1024,jpeg,jpeg,0.0027150586149688,0.0002280929047673
colorferet,112,1024,jpeg,jpeg2000,0.0341934145535742,0.001878709072507
colorferet,112,1024,jpeg,webp,0.0031620760932397,0.0022368557226181
colorferet,112,1024,jpeg,jpeg_xl,0.0031018077619758,0.0011881816066528
colorferet,112,1024,jpeg,avif,0.0032968152526633,0.0023493607164098
colorferet,112,1024,jpeg,heif,0.0031616760932397,0.0013988890973403
colorferet,112,1024,jpeg,jpeg_fzt,0.0038594206419098,0.0014120232629722
colorferet,112,1024,jpeg2000,jpeg,0.0311091213775185,0.028622155667317
colorferet,112,1024,jpeg2000,jpeg2000,0.0348815761850603,0.0025668707039931
colorferet,112,1024,jpeg2000,webp,0.033525452922088,0.0326002325514665
colorferet,112,1024,jpeg2000,jpeg_xl,0.0332018233547929,0.0312881971994699
colorferet,112,1024,jpeg2000,avif,0.0339890753941506,0.0330416208578971
colorferet,112,1024,jpeg2000,heif,0.0342736974707582,0.0325109104748588
colorferet,112,1024,jpeg2000,jpeg_fzt,0.030414198905456,0.0279668015265184
colorferet,112,1024,webp,jpeg,0.0030715394307119,0.0005845737205104
colorferet,112,1024,webp,jpeg2000,0.0380947010298521,0.0057799955487849
colorferet,112,1024,webp,webp,0.0011878474410208,0.0002626270703993
colorferet,112,1024,webp,jpeg_xl,0.0027134244493369,0.0007997982940139
colorferet,112,1024,webp,avif,0.0017437528302674,0.0007962982940139
colorferet,112,1024,webp,heif,0.0024956998758334,0.000732912879934
colorferet,112,1024,webp,jpeg_fzt,0.0033282665011112,0.0008808691221736
colorferet,112,1024,jpeg_xl,jpeg,0.0037236985653022,0.0012367328551007
colorferet,112,1024,jpeg_xl,jpeg2000,0.0361186407088972,0.00380393522783
colorferet,112,1024,jpeg_xl,webp,0.0025997707039931,0.0016745503333715
colorferet,112,1024,jpeg_xl,jpeg_xl,0.0026663732008889,0.000752747045566
colorferet,112,1024,jpeg_xl,avif,0.0394779363818487,0.0385304818455952
colorferet,112,1024,jpeg_xl,heif,0.1423426583614186,0.1405798713655192
colorferet,112,1024,jpeg_xl,jpeg_fzt,0.0036759131512223,0.0012285157722847
colorferet,112,1024,avif,jpeg,0.0028741977743924,0.0003872320641909
colorferet,112,1024,avif,jpeg2000,0.0353445570008034,0.0030298515197362
colorferet,112,1024,avif,webp,0.0015157599255,0.0005905395548784
colorferet,112,1024,avif,jpeg_xl,0.0026881073665209,0.0007744812111979
colorferet,112,1024,avif,avif,0.0014102061801563,0.0004627516439027
colorferet,112,1024,avif,heif,0.0021409019772743,0.000378114981375
colorferet,112,1024,avif,jpeg_fzt,0.0028870148572084,0.0004396174782708
colorferet,112,1024,heif,jpeg,0.0036154106543265,0.001128444944125
colorferet,112,1024,heif,jpeg2000,0.0386996797441542,0.006384974263087
colorferet,112,1024,heif,webp,0.0023866119648577,0.0014613915942361
colorferet,112,1024,heif,jpeg_xl,0.0032491127557674,0.0013354866004444
colorferet,112,1024,heif,avif,0.0023051753023299,0.0013577207660764
colorferet,112,1024,heif,heif,0.0025045169586494,0.00074172996275
colorferet,112,1024,heif,jpeg_fzt,0.0036201448199584,0.0011727474410208
colorferet,112,1024,jpeg_fzt,jpeg,0.0036038106543265,0.001116844944125
colorferet,112,1024,jpeg_fzt,jpeg2000,0.0199625477582195,-0.0123521577228476
colorferet,112,1024,jpeg_fzt,webp,0.0029615515197362,0.0020363311491146
colorferet,112,1024,jpeg_fzt,jpeg_xl,0.0031263077619758,0.0012126816066528
colorferet,112,1024,jpeg_fzt,avif,0.0030670394307119,0.0021195848944584
colorferet,112,1024,jpeg_fzt,heif,0.003036871099448,0.0012740841035486
colorferet,112,1024,jpeg_fzt,jpeg_fzt,0.003383468998007,0.0009360716190694
colorferet,112,512,jpeg,jpeg,0.3376460561671136,0.0041295452154133
colorferet,112,512,jpeg,jpeg2000,0.251634379177579,0.0566353792704431
colorferet,112,512,jpeg,webp,0.298010185224178,0.293449620033598
colorferet,112,512,jpeg,jpeg_xl,0.2722438544016528,0.2520639187324575
colorferet,112,512,jpeg,avif,0.164450366440593,0.1373206315393524
colorferet,112,512,jpeg,heif,0.2598485012771419,0.1386072889679566
colorferet,112,512,jpeg,jpeg_fzt,0.1790762677970346,0.1429049587568735
colorferet,112,512,jpeg2000,jpeg,0.4569365052629931,0.1234199943112928
colorferet,112,512,jpeg2000,jpeg2000,0.2001066067540354,0.0051076068468994
colorferet,112,512,jpeg2000,webp,0.1997740042571396,0.1952134390665595
colorferet,112,512,jpeg2000,jpeg_xl,0.1883990348407224,0.1682190991715272
colorferet,112,512,jpeg2000,avif,0.2010613079404,0.1739315730391594
colorferet,112,512,jpeg2000,heif,0.2374663878087208,0.1162251754995356
colorferet,112,512,jpeg2000,jpeg_fzt,0.2071279084829766,0.1709565994428155
colorferet,112,512,webp,jpeg,0.3495616180928432,0.0160451071411429
colorferet,112,512,webp,jpeg2000,0.21445855896347,0.019459559056334
colorferet,112,512,webp,webp,0.0084429858324899,0.0038824206419098
colorferet,112,512,webp,jpeg_xl,0.0266096928494662,0.006429757180271
colorferet,112,512,webp,avif,0.0385600259988105,0.0114302910975698
colorferet,112,512,webp,heif,0.1262601629138451,0.0050189506046599
colorferet,112,512,webp,jpeg_fzt,0.046444869779526,0.0102735607393649
colorferet,112,512,jpeg_xl,jpeg,0.3442845525068083,0.010768041555108
colorferet,112,512,jpeg_xl,jpeg2000,0.1993020405242124,0.0043030406170765
colorferet,112,512,jpeg_xl,webp,0.0261105266196433,0.0215499614290633
colorferet,112,512,jpeg_xl,jpeg_xl,0.02665774659481,0.0064778109256148
colorferet,112,512,jpeg_xl,avif,0.0611771615438391,0.0340474266425985
colorferet,112,512,jpeg_xl,heif,0.174843676326965,0.0536024640177798
colorferet,112,512,jpeg_xl,jpeg_fzt,0.0541293452289777,0.0179580361888166
colorferet,112,512,avif,jpeg,0.3578125772503887,0.0242960662986884
colorferet,112,512,avif,jpeg2000,0.2178425062803243,0.0228435063731883
colorferet,112,512,avif,webp,0.0324776275576748,0.0279170623670948
colorferet,112,512,avif,jpeg_xl,0.0386318918331785,0.0184519561639833
colorferet,112,512,avif,avif,0.0390715043176577,0.0119417694164171
colorferet,112,512,avif,heif,0.1304059376965536,0.0091647253873684
colorferet,112,512,avif,jpeg_fzt,0.0588640299992696,0.0226927209591085
colorferet,112,512,heif,jpeg,0.4078486476966579,0.0743321367449577
colorferet,112,512,heif,jpeg2000,0.2450040240987489,0.050005024191613
colorferet,112,512,heif,webp,0.1153753751040808,0.1108148099135007
colorferet,112,512,heif,jpeg_xl,0.0989540571844447,0.0787741215152495
colorferet,112,512,heif,avif,0.1186180070441052,0.0914882721428645
colorferet,112,512,heif,heif,0.1439017207838145,0.0226605084746293
colorferet,112,512,heif,jpeg_fzt,0.1173141525078517,0.0811428434676906
colorferet,112,512,jpeg_fzt,jpeg,0.3220545173572345,-0.0114619935944657
colorferet,112,512,jpeg_fzt,jpeg2000,0.1937139012176671,-0.0012850986894688
colorferet,112,512,jpeg_fzt,webp,0.043469215762894,0.0389086505723139
colorferet,112,512,jpeg_fzt,jpeg_xl,0.0381452085205396,0.0179652728513444
colorferet,112,512,jpeg_fzt,avif,0.0427264737111196,0.015596738809879
colorferet,112,512,jpeg_fzt,heif,0.1183674412097371,-0.002873771099448
colorferet,112,512,jpeg_fzt,jpeg_fzt,0.040281093414998,0.0041097843748369
colorferet,112,1024,jpeg,ours_accurate,0.0001496110113704,-0.002068962801978
colorferet,112,1024,jpeg2000,ours_accurate,0.0247035339695738,0.0224849601562253
colorferet,112,1024,webp,ours_accurate,0.0001496110113704,-0.002068962801978
colorferet,112,1024,jpeg_xl,ours_accurate,0.0025177958360893,0.0002992220227408
colorferet,112,1024,avif,ours_accurate,0.0002992220227408,-0.0019193517906075
colorferet,112,1024,heif,ours_accurate,0.0025926013417745,0.000374027528426
colorferet,112,1024,jpeg_fzt,ours_accurate,0.0043623421210116,0.0021437683076632
colorferet,112,1024,ours_accurate,ours_accurate,0.0044371476266969,0.0022185738133484
colorferet,112,1024,ours_accurate,jpeg,0.0022185738133484,0.0021437683076632
colorferet,112,1024,ours_accurate,jpeg2000,0.0112424800781126,-0.0147819616365869
colorferet,112,1024,ours_accurate,webp,0.0043623421210116,0.0042875366153264
colorferet,112,1024,ours_accurate,jpeg_xl,0.0043623421210116,0.0040631200982708
colorferet,112,1024,ours_accurate,avif,0.0043623421210116,0.0042127311096412
colorferet,112,1024,ours_accurate,heif,0.0039883145925855,0.003464676052789
colorferet,112,1024,ours_accurate,jpeg_fzt,0.0043623421210116,0.0
colorferet,112,512,jpeg,ours_accurate,0.2020890421745566,0.1975770890421745
colorferet,112,512,jpeg2000,ours_accurate,0.1797536930297017,0.1752417398973196
colorferet,112,512,webp,ours_accurate,0.0085002677249677,0.0039883145925855
colorferet,112,512,jpeg_xl,ours_accurate,0.0263236637374405,0.0218117106050584
colorferet,112,512,avif,ours_accurate,0.0504287536615326,0.0459168005291505
colorferet,112,512,heif,ours_accurate,0.12586026331538,0.1213483101829979
colorferet,112,512,jpeg_fzt,ours_accurate,0.0499799206274213,0.0454679674950392
colorferet,112,512,ours_accurate,ours_accurate,0.0063564994173044,0.0018445462849223
colorferet,112,512,ours_accurate,jpeg,0.2850483479794639,-0.0297391256417525
colorferet,112,512,ours_accurate,jpeg2000,0.1669658886894075,-0.0087994897477085
colorferet,112,512,ours_accurate,webp,0.0065061104286749,0.0047363696494377
colorferet,112,512,ours_accurate,jpeg_xl,0.0175241739897319,0.0021437683076632
colorferet,112,512,ours_accurate,avif,0.0306860058584522,-0.0044371476266968
colorferet,112,512,ours_accurate,heif,0.1267323380263945,0.0209140445368358
colorferet,112,512,ours_accurate,jpeg_fzt,0.0415544584081388,0.0153056001763835
