dataset,res,budget,codec,n,min,mean,median,max,p5,p95,over_budget_pct,pct_holding
colorferet,64,1024,jpeg,11335,967,1011.5431848257609,1013.0,1024,996.0,1023.0,0.0,100.0
colorferet,64,1024,jpeg2000,11335,737,792.1966475518307,781.0,1024,772.0,999.8999999999978,0.0,100.0
colorferet,64,1024,webp,11335,742,974.0769298632554,978.0,1024,914.0,1020.0,0.0,100.0
colorferet,64,1024,jpeg_xl,11335,814,985.7413321570357,991.0,1024,931.0,1021.0,0.0,100.0
colorferet,64,1024,avif,11335,800,989.5280105866784,996.0,1024,937.0,1022.0,0.0,100.0
colorferet,64,1024,heif,11335,908,989.643934715483,991.0,1024,953.0,1021.0,0.0,100.0
colorferet,64,1024,jpeg_fzt,11335,661,891.8554918394353,899.0,1024,768.0,994.0,0.0,100.0
colorferet,64,1024,jpeg_ai,11332,262,520.1771973173314,319.0,1024,281.0,1019.0,0.0,100.0
colorferet,64,1024,neural_bmshj2018,300,765,982.7333333333333,985.0,1149,837.0,1125.0,38.0,62.0
colorferet,64,1024,neural_mbt2018_mean,300,655,1033.1866666666667,1039.0,1159,902.8,1151.0,55.00000000000001,45.0
colorferet,64,1024,ours_fast,11335,507,830.5045434494928,831.0,1023,663.0,999.0,0.0,100.0
colorferet,64,1024,ours_accurate,11335,303,462.47384208204676,463.0,979,391.0,531.0,0.0,100.0
colorferet,64,512,jpeg,11335,449,497.4919276576974,499.0,512,480.0,511.0,0.0,100.0
colorferet,64,512,jpeg2000,11335,403,453.70136744596385,453.0,512,440.0,486.2999999999993,0.0,100.0
colorferet,64,512,webp,11335,456,502.99108954565503,504.0,512,486.0,512.0,0.0,100.0
colorferet,64,512,jpeg_xl,11335,392,498.5037494486105,502.0,512,474.0,512.0,0.0,100.0
colorferet,64,512,avif,11335,464,503.38447287163655,505.0,512,490.0,512.0,0.0,100.0
colorferet,64,512,heif,11335,473,503.91830613145123,505.0,512,493.0,512.0,0.0,100.0
colorferet,64,512,jpeg_fzt,11335,495,508.8321129245699,509.0,512,504.0,512.0,0.0,100.0
colorferet,64,512,jpeg_ai,11331,262,365.09681404995143,319.0,512,281.0,510.0,0.0,100.0
colorferet,64,512,neural_bmshj2018,300,437,545.5333333333333,539.0,637,472.8,629.0,68.33333333333333,31.666666666666664
colorferet,64,512,neural_mbt2018_mean,300,455,559.9866666666667,559.0,647,479.0,643.0,76.66666666666667,23.333333333333332
colorferet,64,512,ours_fast,11335,483,504.4733127481253,503.0,511,495.0,511.0,0.0,100.0
colorferet,64,512,ours_accurate,11335,303,457.55280105866785,463.0,511,391.0,507.0,0.0,100.0
colorferet,96,1024,jpeg,11335,953,1006.1337450374945,1008.0,1024,983.0,1023.0,0.0,100.0
colorferet,96,1024,jpeg2000,11335,934,998.36074106749,1000.0,1004,987.0,1004.0,0.0,100.0
colorferet,96,1024,webp,11335,848,996.0859285399206,1002.0,1024,944.0,1022.5999999999985,0.0,100.0
colorferet,96,1024,jpeg_xl,11335,855,996.3686810763123,1004.0,1024,942.0,1023.0,0.0,100.0
colorferet,96,1024,avif,11335,894,990.7315394794883,995.0,1024,945.0,1021.0,0.0,100.0
colorferet,96,1024,heif,11335,893,985.271812968681,987.0,1024,943.0,1020.0,0.0,100.0
colorferet,96,1024,jpeg_fzt,11335,908,996.494309660344,998.0,1024,964.0,1022.0,0.0,100.0
colorferet,96,1024,jpeg_ai,11331,513,724.6909363692525,659.0,1024,568.0,997.0,0.0,100.0
colorferet,96,1024,neural_bmshj2018,300,809,990.3333333333334,1001.0,1149,840.8,1129.0,42.333333333333336,57.666666666666664
colorferet,96,1024,neural_mbt2018_mean,300,783,982.3066666666666,975.0,1159,826.8,1139.2,36.333333333333336,63.66666666666667
colorferet,96,1024,ours_fast,11335,747,1011.5745037494486,1015.0,1027,995.0,1027.0,13.268636965152183,86.73136303484782
colorferet,96,1024,ours_accurate,11335,667,1006.4085575650639,1007.0,4663,983.0,1027.0,9.545655050727834,90.45434494927217
colorferet,96,512,jpeg,11335,427,484.01887957653287,486.0,538,454.0,509.0,0.044111160123511246,99.95588883987648
colorferet,96,512,jpeg2000,11335,449,505.458226731363,508.0,512,494.0,510.0,0.0,100.0
colorferet,96,512,webp,11335,448,501.0449051610057,502.0,522,484.0,512.0,0.00882223202470225,99.99117776797529
colorferet,96,512,jpeg_xl,11335,334,489.8021173356859,493.0,512,459.0,510.0,0.0,100.0
colorferet,96,512,avif,11335,463,503.7071901191001,505.0,553,491.0,512.0,0.4322893692104103,99.56771063078959
colorferet,96,512,heif,11335,477,504.2534627260697,505.0,560,493.0,512.0,0.8557565063961181,99.14424349360388
colorferet,96,512,jpeg_fzt,11335,480,505.26237318041467,506.0,512,496.0,512.0,0.0,100.0
colorferet,96,512,jpeg_ai,11331,259,489.38019592268995,498.0,512,418.0,512.0,0.0,100.0
colorferet,96,512,neural_bmshj2018,300,473,557.84,557.0,637,493.0,625.0,84.0,16.0
colorferet,96,512,neural_mbt2018_mean,300,467,559.2933333333333,555.0,647,486.8,639.0,80.66666666666666,19.333333333333332
colorferet,96,512,ours_fast,11335,487,508.6734009704455,511.0,515,499.0,515.0,25.743273048081168,74.25672695191884
colorferet,96,512,ours_accurate,11335,483,508.98711954124394,507.0,4663,495.0,515.0,19.81473312748125,80.18526687251875
colorferet,112,1024,jpeg,11335,925,999.3980591089546,1002.0,1024,968.0,1022.0,0.0,100.0
colorferet,112,1024,jpeg2000,11335,898,951.601058667843,953.0,1024,938.0,957.0,0.0,100.0
colorferet,112,1024,webp,11335,876,1002.42858403176,1008.0,1024,964.0,1024.0,0.0,100.0
colorferet,112,1024,jpeg_xl,11335,781,996.9065725628584,1004.0,1024,945.0,1023.0,0.0,100.0
colorferet,112,1024,avif,11335,893,991.3812968681076,995.0,1024,947.0,1022.0,0.0,100.0
colorferet,112,1024,heif,11335,885,985.6756065284517,988.0,1024,943.0,1021.0,0.0,100.0
colorferet,112,1024,jpeg_fzt,11335,941,1006.6982796647552,1008.0,1024,986.0,1023.0,0.0,100.0
colorferet,112,1024,jpeg_ai,11331,733,876.433324507987,882.0,1024,757.0,1003.0,0.0,100.0
colorferet,112,1024,neural_bmshj2018,300,793,987.1466666666666,989.0,1149,836.8,1129.2,40.666666666666664,59.333333333333336
colorferet,112,1024,neural_mbt2018_mean,300,743,970.5466666666666,967.0,1159,803.0,1139.2,33.0,67.0
colorferet,112,1024,ours_fast,11335,831,1008.5929422143803,1011.0,1023,995.0,1023.0,0.0,100.0
colorferet,112,1024,ours_accurate,11335,719,990.5811204234672,1003.0,1023,907.0,1023.0,0.0,100.0
colorferet,112,512,jpeg,11335,432,485.15844728716365,485.0,609,456.0,511.0,2.937803264225849,97.06219673577415
colorferet,112,512,jpeg2000,11335,449,507.31116012351123,509.0,512,495.0,512.0,0.0,100.0
colorferet,112,512,webp,11335,420,498.89033965593296,502.0,626,476.0,512.0,1.3586237318041463,98.64137626819586
colorferet,112,512,jpeg_xl,11335,334,486.31504190560213,493.0,631,431.0,511.0,1.6762240846934273,98.32377591530658
colorferet,112,512,avif,11335,468,504.9848257609175,506.0,603,490.0,519.0,7.419497132774593,92.5805028672254
colorferet,112,512,heif,11335,477,506.1542126157918,506.0,600,494.0,519.0,8.619320688134097,91.3806793118659
colorferet,112,512,jpeg_fzt,11335,467,501.46149095721216,503.0,512,487.0,511.0,0.0,100.0
colorferet,112,512,jpeg_ai,11331,333,479.3410996381608,481.0,514,448.0,508.0,0.3441885093989939,99.65581149060101
colorferet,112,512,neural_bmshj2018,300,473,558.9466666666667,561.0,637,485.0,629.0,82.66666666666667,17.333333333333336
colorferet,112,512,neural_mbt2018_mean,300,463,566.4533333333334,565.0,647,491.0,643.0,85.0,15.0
colorferet,112,512,ours_fast,11335,487,504.43802382002644,503.0,511,495.0,511.0,0.0,100.0
colorferet,112,512,ours_accurate,11335,483,503.19479488310543,503.0,511,495.0,511.0,0.0,100.0
colorferet,168,1024,jpeg,11335,796,967.0377591530657,971.0,1024,899.7,1019.0,0.0,100.0
colorferet,168,1024,jpeg2000,11335,915,1018.0801940891046,1020.0,1024,1004.0,1024.0,0.0,100.0
colorferet,168,1024,webp,11335,864,1001.4553153947949,1004.0,1068,970.0,1024.0,0.0176444640494045,99.98235553595059
colorferet,168,1024,jpeg_xl,11335,809,980.5073665637407,986.0,1089,920.0,1021.0,0.07940008822232025,99.92059991177767
colorferet,168,1024,avif,11335,902,997.7596823996471,1000.0,1024,964.0,1022.0,0.0,100.0
colorferet,168,1024,heif,11335,900,988.0649316277018,990.0,1024,948.0,1021.0,0.0,100.0
colorferet,168,1024,jpeg_fzt,11335,977,1011.586413762682,1013.0,1024,996.0,1023.0,0.0,100.0
colorferet,168,1024,jpeg_ai,11332,590,958.4049594069891,950.0,1024,846.0,1016.0,0.0,100.0
colorferet,168,1024,neural_bmshj2018,300,821,977.5333333333333,965.0,1149,861.0,1117.0,30.0,70.0
colorferet,168,1024,neural_mbt2018_mean,300,767,986.1066666666667,983.0,1159,838.6,1143.0,37.333333333333336,62.66666666666667
colorferet,168,1024,ours_fast,11335,979,1012.0050286722541,1011.0,1027,995.0,1027.0,11.671812968681076,88.32818703131893
colorferet,168,1024,ours_accurate,11335,967,1008.866431407146,1011.0,1027,987.0,1027.0,10.383767093074548,89.61623290692545
colorferet,168,512,jpeg,11335,504,623.7747684164093,628.0,841,555.0,686.0,99.94706660785178,0.05293339214821349
colorferet,168,512,jpeg2000,11335,444,505.43978826643144,507.0,512,496.0,511.0,0.0,100.0
colorferet,168,512,webp,11335,442,587.1590648434054,564.0,1068,480.0,772.0,69.25452139391265,30.74547860608734
colorferet,168,512,jpeg_xl,11335,396,672.4467578297309,671.0,1089,511.0,828.0,94.74194971327746,5.258050286722541
colorferet,168,512,avif,11335,473,594.9302161446846,594.0,768,526.0,663.0,97.46801940891045,2.5319805910895457
colorferet,168,512,heif,11335,496,573.1393912659903,572.0,717,528.0,623.0,98.88839876488753,1.1116012351124833
colorferet,168,512,jpeg_fzt,11335,424,486.50233789148655,488.0,512,453.0,510.0,0.0,100.0
colorferet,168,512,jpeg_ai,11332,130,467.78759265795975,484.0,511,403.0,489.4499999999989,0.0,100.0
colorferet,168,512,neural_bmshj2018,300,477,554.5733333333334,549.0,693,496.8,637.0,84.33333333333334,15.666666666666668
colorferet,168,512,neural_mbt2018_mean,300,467,568.68,567.0,759,499.0,643.2,86.33333333333333,13.666666666666666
colorferet,168,512,ours_fast,11335,479,524.333568592854,511.0,707,503.0,591.0,49.77503308337009,50.22496691662991
colorferet,168,512,ours_accurate,11335,479,506.42655491839434,507.0,515,495.0,515.0,20.088222320247024,79.91177767975299
colorferet,224,1024,jpeg,11335,800,944.8984561093956,944.0,1088,871.0,1016.0,0.05293339214821349,99.94706660785178
colorferet,224,1024,jpeg2000,11335,906,1002.695015438906,1004.0,1024,979.0,1023.0,0.0,100.0
colorferet,224,1024,webp,11335,860,999.9123070136744,1000.0,1462,944.0,1044.0,6.219673577415086,93.78032642258492
colorferet,224,1024,jpeg_xl,11335,684,968.6340538156154,979.0,1484,826.0,1108.0,13.3392148213498,86.6607851786502
colorferet,224,1024,avif,11335,922,999.806793118659,1002.0,1024,970.0,1022.0,0.0,100.0
colorferet,224,1024,heif,11335,912,989.376444640494,991.0,1024,951.0,1021.0,0.0,100.0
colorferet,224,1024,jpeg_fzt,11335,936,1002.8717247463609,1005.0,1024,976.0,1023.0,0.0,100.0
colorferet,224,1024,jpeg_ai,11331,322,936.5484070249757,978.0,1024,823.0,985.0,0.0,100.0
colorferet,224,1024,neural_bmshj2018,303,829,1013.4092409240924,1033.0,1149,857.4,1137.0,53.46534653465347,46.53465346534654
colorferet,224,1024,neural_mbt2018_mean,303,751,980.8877887788778,979.0,1159,847.4,1134.6,33.663366336633665,66.33663366336634
colorferet,224,1024,ours_fast,11335,975,1007.0208204675783,1007.0,1023,991.0,1023.0,0.0,100.0
colorferet,224,1024,ours_accurate,11335,967,1002.8284958094398,1003.0,1023,983.0,1023.0,0.0,100.0
colorferet,224,512,jpeg,11335,640,790.7147772386414,795.0,1088,701.0,873.2999999999993,100.0,0.0
colorferet,224,512,jpeg2000,11335,451,507.96241729157475,509.0,512,499.0,512.0,0.0,100.0
colorferet,224,512,webp,11335,462,771.2891045434495,756.0,1462,542.0,1044.0,97.17688575209527,2.8231142479047198
colorferet,224,512,jpeg_xl,11335,441,874.7301279223643,872.0,1484,649.0,1108.0,99.77062196735774,0.22937803264225848
colorferet,224,512,avif,11335,506,699.534274371416,696.0,949,603.0,807.0,99.99117776797529,0.00882223202470225
colorferet,224,512,heif,11335,519,643.4391707101897,643.0,844,577.0,711.0,100.0,0.0
colorferet,224,512,jpeg_fzt,11335,429,481.01376268195855,482.0,557,451.0,508.0,0.317600352889281,99.68239964711071
colorferet,224,512,jpeg_ai,11331,184,429.2394316476922,451.0,512,286.0,509.0,0.0,100.0
colorferet,224,512,neural_bmshj2018,300,669,800.12,793.0,1045,712.8,917.6000000000001,100.0,0.0
colorferet,224,512,neural_mbt2018_mean,300,479,628.5333333333333,603.0,1039,515.0,823.0,95.66666666666667,4.333333333333334
colorferet,224,512,ours_fast,11335,483,513.3978826643141,507.0,707,495.0,563.0,19.85002205558006,80.14997794441993
colorferet,224,512,ours_accurate,11335,475,501.8622849580944,503.0,511,491.0,511.0,0.0,100.0
kk,64,1024,jpeg,17534,972,1012.4660659290521,1013.0,1024,998.0,1023.0,0.0,100.0
kk,64,1024,jpeg2000,17534,679,809.1655070149424,781.0,1024,767.0,1021.0,0.0,100.0
kk,64,1024,webp,17534,656,997.3069465039353,1004.0,1024,952.0,1022.0,0.0,100.0
kk,64,1024,jpeg_xl,17534,815,995.6335120337629,1000.0,1024,955.0,1022.0,0.0,100.0
kk,64,1024,avif,17534,893,993.1756587202008,997.0,1024,951.0,1022.0,0.0,100.0
kk,64,1024,heif,17534,914,992.3046652218546,993.0,1024,959.0,1021.0,0.0,100.0
kk,64,1024,jpeg_fzt,17534,659,955.8502338314132,961.0,1024,864.0,1018.0,0.0,100.0
kk,64,1024,ours_fast,17534,491,934.2485456826737,971.0,1023,747.0,1019.0,0.0,100.0
kk,64,1024,ours_accurate,17534,323,510.9771871791947,511.0,1015,435.0,583.0,0.0,100.0
kk,64,512,jpeg,17534,440,489.840595414623,491.0,512,463.0,510.34999999999854,0.0,100.0
kk,64,512,jpeg2000,17534,413,453.65826394433674,453.0,512,446.0,455.0,0.0,100.0
kk,64,512,webp,17534,428,501.29462758070036,504.0,620,484.0,512.0,0.039922436409262005,99.96007756359074
kk,64,512,jpeg_xl,17534,385,492.67303524580814,497.0,512,460.0,511.0,0.0,100.0
kk,64,512,avif,17534,458,503.00427740390097,504.0,512,490.0,512.0,0.0,100.0
kk,64,512,heif,17534,461,502.7422151249002,504.0,542,491.0,512.0,0.028516026006615715,99.97148397399339
kk,64,512,jpeg_fzt,17534,494,508.6736625983803,509.0,512,503.0,512.0,0.0,100.0
kk,64,512,ours_fast,17534,487,504.5994068666591,503.0,511,495.0,511.0,0.0,100.0
kk,64,512,ours_accurate,17534,323,489.5103228014144,499.0,511,435.0,511.0,0.0,100.0
kk,96,1024,jpeg,17534,904,996.3113379719402,999.0,1024,962.0,1022.0,0.0,100.0
kk,96,1024,jpeg2000,17534,856,996.1536443481236,999.0,1024,981.0,1004.0,0.0,100.0
kk,96,1024,webp,17534,858,1005.5211588912969,1008.0,1024,976.0,1024.0,0.0,100.0
kk,96,1024,jpeg_xl,17534,770,988.5877152959963,997.0,1024,924.6500000000001,1022.0,0.0,100.0
kk,96,1024,avif,17534,896,992.7275008554808,996.0,1024,951.0,1022.0,0.0,100.0
kk,96,1024,heif,17534,842,986.8393977415308,988.0,1024,947.0,1021.0,0.0,100.0
kk,96,1024,jpeg_fzt,17534,908,1005.2528801186266,1006.0,1024,984.0,1023.0,0.0,100.0
kk,96,1024,ours_fast,17534,783,1013.2513972852744,1015.0,1027,999.0,1027.0,12.969088627808828,87.03091137219117
kk,96,1024,ours_accurate,17534,735,1008.4600205315387,1011.0,1111,987.0,1027.0,10.351317440401505,89.6486825595985
kk,96,512,jpeg,17534,422,477.9246036272385,477.0,655,442.0,511.0,3.741302612067982,96.25869738793202
kk,96,512,jpeg2000,17534,463,506.3055777346869,508.0,511,499.0,510.0,0.0,100.0
kk,96,512,webp,17534,428,505.76069350975246,500.0,1014,468.0,574.0,14.771301471426943,85.22869852857305
kk,96,512,jpeg_xl,17534,356,494.5329074940116,495.0,785,462.0,512.0,4.9788981407551045,95.0211018592449
kk,96,512,avif,17534,458,502.87013801756586,504.0,650,487.0,512.0,3.6671609444507816,96.33283905554921
kk,96,512,heif,17534,474,504.0667845329075,504.0,620,492.0,512.0,2.6405840082126155,97.35941599178737
kk,96,512,jpeg_fzt,17534,467,502.4965780768792,503.0,512,490.0,512.0,0.0,100.0
kk,96,512,ours_fast,17534,491,508.87658263944337,511.0,515,499.0,515.0,25.812706741188546,74.18729325881145
kk,96,512,ours_accurate,17534,483,506.88935781909436,507.0,1111,495.0,515.0,20.67982205999772,79.32017794000228
kk,112,1024,jpeg,17534,850,984.4369795825254,988.0,1024,937.0,1021.0,0.0,100.0
kk,112,1024,jpeg2000,17534,829,951.0038211474849,952.0,1024,936.0,957.0,0.0,100.0
kk,112,1024,webp,17534,860,1003.7012661115547,1006.0,1262,972.0,1024.0,0.039922436409262005,99.96007756359074
kk,112,1024,jpeg_xl,17534,756,983.2316071632257,992.0,1024,916.0,1022.0,0.0,100.0
kk,112,1024,avif,17534,863,994.1960761948214,998.0,1024,954.0,1022.0,0.0,100.0
kk,112,1024,heif,17534,872,986.3886164024182,988.0,1024,946.0,1021.0,0.0,100.0
kk,112,1024,jpeg_fzt,17534,950,1012.1178852515113,1013.0,1024,997.0,1023.0,0.0,100.0
kk,112,1024,jpeg_ai,17534,747,814.1750883996806,794.0,894,757.0,884.0,0.0,100.0
kk,112,1024,ours_fast,17534,839,1008.7946846127523,1007.0,1023,995.0,1023.0,0.0,100.0
kk,112,1024,ours_accurate,17534,739,1006.0165392950838,1007.0,1023,991.0,1023.0,0.0,100.0
kk,112,512,jpeg,17534,420,495.03496064788413,490.0,740,451.0,560.0,23.25767081099578,76.74232918900422
kk,112,512,jpeg2000,17534,454,508.0308543401392,509.0,512,500.0,512.0,0.0,100.0
kk,112,512,webp,17534,410,543.7670810995779,512.0,1262,472.0,688.0,49.07608075738565,50.923919242614346
kk,112,512,jpeg_xl,17534,0,523.6716664765598,505.0,934,461.0,652.0,34.04813505189917,65.95186494810083
kk,112,512,avif,17534,465,509.5176229040721,506.0,703,488.0,546.0,24.369795825253792,75.63020417474621
kk,112,512,heif,17534,479,510.0932474050416,508.0,699,495.0,536.0,25.008554807801985,74.99144519219801
kk,112,512,jpeg_fzt,17534,453,496.44502110185925,498.0,512,477.0,511.0,0.0,100.0
kk,112,512,jpeg_ai,17534,406,481.40789323599864,482.0,513,477.0,498.0,0.09125128322117029,99.90874871677883
kk,112,512,ours_fast,17534,487,504.6826736625984,503.0,511,495.0,511.0,0.0,100.0
kk,112,512,ours_accurate,17534,487,503.0825824113152,503.0,511,495.0,511.0,0.0,100.0
kk,168,1024,jpeg,17534,768,928.9453062621193,934.0,1100,827.0,1016.0,0.05703205201323143,99.94296794798677
kk,168,1024,jpeg2000,17534,898,1016.5679822059998,1019.0,1024,1002.0,1024.0,0.0,100.0
kk,168,1024,webp,17534,852,1018.1748602714725,1002.0,2542,936.0,1184.0,17.54305919926999,82.45694080073001
kk,168,1024,jpeg_xl,17534,837,1003.0254362951979,994.0,1830,927.0,1148.0,10.84749629291662,89.15250370708338
kk,168,1024,avif,17534,908,999.5627352572145,1002.0,1024,969.0,1022.0,0.0,100.0
kk,168,1024,heif,17534,856,987.219915592563,989.0,1024,947.0,1021.0,0.0,100.0
kk,168,1024,jpeg_fzt,17534,938,1004.4260864605908,1006.0,1024,980.0,1023.0,0.0,100.0
kk,168,1024,ours_fast,17534,983,1012.8886734344702,1015.0,1027,999.0,1027.0,12.797992471769135,87.20200752823087
kk,168,1024,ours_accurate,17534,967,1008.5079274552298,1007.0,1027,987.0,1027.0,9.684042431846699,90.31595756815331
kk,168,512,jpeg,17534,490,671.6913995665564,665.0,1100,576.0,789.0,99.86312307516825,0.13687692483175543
kk,168,512,jpeg2000,17534,457,505.88941485114634,507.0,512,499.0,511.0,0.0,100.0
kk,168,512,webp,17534,448,867.8251397285275,856.0,2542,586.0,1184.0,98.24911600319379,1.7508839968062053
kk,168,512,jpeg_xl,17534,331,842.3456142352002,827.0,1830,581.0,1158.0,98.36888331242159,1.631116687578419
kk,168,512,avif,17534,494,666.8529143378579,665.0,993,586.0,751.0,99.82320063875898,0.17679936124101744
kk,168,512,heif,17534,496,614.5823542831071,612.0,956,558.0,680.0,99.83460704916163,0.16539295083837116
kk,168,512,jpeg_fzt,17534,418,473.9288810311395,473.0,566,440.0,509.0,0.26805064446218774,99.73194935553781
kk,168,512,ours_fast,17534,491,610.2686209649823,607.0,967,507.0,731.0,91.1999543743584,8.80004562564161
kk,168,512,ours_accurate,17534,483,506.7878407665108,507.0,515,495.0,515.0,21.02771757727843,78.97228242272158
kk,224,1024,jpeg,17534,797,933.7163225732862,928.0,1523,841.0,1027.0,5.235542374814646,94.76445762518534
kk,224,1024,jpeg2000,17534,847,1005.137846469716,1004.0,1024,989.0,1023.0,0.0,100.0
kk,224,1024,webp,17534,864,1196.211360784761,1150.0,3568,956.0,1610.0,70.79388616402417,29.206113835975817
kk,224,1024,jpeg_xl,17534,693,1144.2808828561651,1090.0,2755,887.0,1563.0,62.039466179993155,37.960533820006845
kk,224,1024,avif,17534,907,999.3930078704232,1001.0,1341,965.0,1023.0,1.5398654043572486,98.46013459564276
kk,224,1024,heif,17534,892,987.4605908520589,989.0,1144,948.0,1021.0,0.051328846811908295,99.9486711531881
kk,224,1024,jpeg_fzt,17534,860,988.6158320976389,992.0,1024,945.0,1021.0,0.0,100.0
kk,224,1024,jpeg_ai,17534,775,948.64645830957,979.0,1024,836.0,985.0,0.0,100.0
kk,224,1024,neural_bmshj2018,3,913,1038.3333333333333,1093.0,1109,931.0,1107.4,66.66666666666666,33.33333333333333
kk,224,1024,neural_mbt2018_mean,3,935,1013.6666666666666,995.0,1111,941.0,1099.4,33.33333333333333,66.66666666666666
kk,224,1024,ours_fast,17534,979,1007.7366259838029,1007.0,1023,991.0,1023.0,0.0,100.0
kk,224,1024,ours_accurate,17534,955,1003.33626097867,1003.0,8195,983.0,1023.0,0.011406410402646287,99.98859358959736
kk,224,512,jpeg,17534,610,863.0914223793773,853.0,1523,731.0,1027.0,100.0,0.0
kk,224,512,jpeg2000,17534,451,507.8262803695677,509.0,512,500.0,512.0,0.0,100.0
kk,224,512,webp,17534,456,1166.7048020987795,1150.0,3568,778.0,1610.0,99.82320063875898,0.17679936124101744
kk,224,512,jpeg_xl,17534,438,1118.1777118740733,1090.0,2755,764.0,1563.0,99.88593589597353,0.11406410402646286
kk,224,512,avif,17534,548,835.7662826508498,834.0,1341,706.0,968.3499999999985,100.0,0.0
kk,224,512,heif,17534,520,714.4121136078476,710.0,1144,624.0,820.0,100.0,0.0
kk,224,512,jpeg_fzt,17534,427,494.16875784190717,494.0,673,456.0,536.0,13.887304665221855,86.11269533477814
kk,224,512,jpeg_ai,17534,194,473.9141097296681,454.0,512,444.0,510.0,0.0,100.0
kk,224,512,ours_fast,17534,487,600.9028173833694,595.0,955,503.0,727.0,86.31801072202578,13.681989277974221
kk,224,512,ours_accurate,17534,479,503.0595414623018,503.0,8195,491.0,511.0,0.022812820805292573,99.9771871791947
