codec,kind,owner,year,standard,license,method,lossless,chroma,rate_control,impl_version,footprint,fit_le1kB_112,median_bytes_112,min_bytes_112,fit_le1kB_224,hw_decoder,browser_os,determinism,maturity
jpeg,classical,JPEG committee (ISO/IEC JTC1 SC29 WG1 + ITU-T); ref libjpeg-turbo,1992 (T.81); ISO/IEC 10918-1:1994,"ITU-T T.81 | ISO/IEC 10918-1 (in force, ubiquitous)",Royalty-free (patents expired); libjpeg-turbo BSD/IJG,8x8 DCT + Huffman,lossy in practice (lossless mode unused),YCbCr 4:4:4 / 4:2:2 / 4:2:0,none native; binary-search quality,Pillow (libjpeg-turbo),Pillow 12.2.0 (~21 MB w/ bundled libs),100%,990,870,100%,universal (every SoC ISP / GPU / nvJPEG),"universal (all browsers, OS, mobile)",not bit-exact (IDCT accuracy bounds only),"production, most-deployed codec"
jpeg2000,classical,"JPEG committee; OpenJPEG (UCLouvain), Kakadu",2000 (15444-1); ed. 2024,ITU-T T.800 | ISO/IEC 15444-1 (niche: DICOM/DCI/geo),Part 1 royalty-free (committee grant); OpenJPEG BSD-2,9/7/5/3 DWT + EBCOT/MQ,yes (reversible 5/3 + RCT),RCT/ICT; subsampling rare (wavelet scales),NATIVE exact byte target (post-comp RD truncation),Pillow (OpenJPEG),Pillow 12.2.0 (~21 MB w/ bundled libs),100%,952,808,100%,mostly none on commodity/mobile (specialized HW only),~none (Safari dropped 18.0/2024; others never),lossy ~not bit-exact (float 9/7); lossless exact,production in niches; low/declining web use
webp,classical,"Google (libwebp, BSD); from VP8 (On2)",2010 lossy; VP8L 2011,IETF RFC 9649 (2024); not ISO/ITU,royalty-free (Google/AOM patent grant); BSD-3,VP8 intra (4x4 transform + intra-pred + bool coder),yes (VP8L),"lossy YCbCr 4:2:0 ONLY, 8-bit; lossless RGBA",cwebp -size approximates target (internal q search),Pillow + libwebp,Pillow 12.2.0 (~21 MB w/ bundled libs),100%,1002,850,94%,no image HW decoder (software libwebp; fast),broad: Chrome/Edge/FF/Safari14+/Android,"bit-exact (integer transforms, specified coder)","production, ~15 yr, maintained"
avif,classical,AOMedia (Google/Netflix/...); libavif/libaom/dav1d,2019 (AV1 2018),AOMedia spec; ISO/IEC 23000-22 (MIAF) context,royalty-free (AOM Patent License 1.0); BSD libs,AV1 intra (rich intra-pred + multi-transform + CDF arith),"yes (AV1 lossless, 4:4:4); alpha/HDR",4:2:0 / 4:2:2 / 4:4:4 / 4:0:0; 8/10/12-bit,no exact-byte; binary-search quantizer/CQ,Pillow 12 native (libavif/aom),Pillow 12.2.0 (~21 MB w/ bundled libs),100%,993,852,100%,growing (Apple A17+/SD 8Gen1+/recent SoCs); not universal,Chrome85+/FF93+/Edge/Safari16+; not universal on mobile,"bit-exact (integer reconstruction, conformance)","production, actively maintained"
heif,classical,MPEG (ISO/IEC SC29) + Nokia; HEVC=JCT-VC; libheif (struktur AG),2017 (23008-12); HEVC 2013,ISO/IEC 23008-12 (HEIF) + H.265/23008-2 (HEVC),"HEVC patent-encumbered (3+ royalty pools); libheif LGPL, x265 GPL",HEVC intra (quadtree CTU + 35 modes + CABAC),yes (HEVC transquant-bypass); alpha/depth,4:2:0 / 4:2:2 / 4:4:4 / 4:0:0; 8/10/12-bit,no exact-byte; binary-search quality/qp,pillow-heif (libheif/x265),pillow-heif 1.4.0 (~0.2 MB + libheif),100%,978,781,100%,most ubiquitous modern (HEVC HW in ~all SoCs since ~2015),"OS: Apple native, Windows paid ext; browsers: Safari only","bit-exact (HEVC integer reconstruction, conformance)",production (billions of Apple devices)
jpeg_xl,classical,JPEG committee (Google PIK + Cloudinary FUIF); libjxl (BSD-3),2022 (ISO/IEC 18181-1); libjxl 1.0 2023,"ISO/IEC 18181 (multi-part), in force",royalty-free; libjxl BSD-3 + patent grant,VarDCT (lossy) + Modular (lossless),yes (Modular; + lossless JPEG transcode),"XYB internal; 4:4:4 default, opt 4:2:2/4:2:0; 8-16bit/float/HDR",no exact-byte; binary-search --distance/--quality,pillow-jxl-plugin (libjxl),pillow-jxl 1.3.7 (~6 MB w/ libjxl),100%,999,781,87%,"no decoder silicon (mid-2026, SW only); HW encoder IP announced",Apple native (Safari17/2023); not Chrome/FF/Android-native,deterministic; Modular bit-exact; VarDCT specified,"production, maintained; limited web support"
jpeg_fzt,hybrid,research — Perfilieva & Hurtik (Univ. Ostrava); Innovatrics IJCB'26,method 2021 (Information Sciences 550:221-238),NONE (research codec),research/internal; underlying JPEG royalty-free,F-transform downsample -> JPEG -> inverse F-transform upsample,no (lossy),inherits JPEG (YCbCr 4:2:0/4:2:2),downsample factor + JPEG quality search,jpeg_fzt.py (pure Python) + 68 KB basis,pure-Python; 60 KB F-transform basis,100%,1010,941,100%,JPEG decode HW universal + software iFzT pass (no silicon),"none (payload is JPEG, but iFzT reconstruction is custom)",deterministic (explicit math); FP-impl dependent,research/prototype (Python ref); fits all 224^2 <=1kB (IJCB)
jpeg_ai,neural,ITU-T VCEG + ISO/IEC JPEG (WG1); JPEG-AI experts group ref SW,std 2024-2025 (ISO/IEC 6048-1:2025 | T.840.1),ITU-T T.840.1 | ISO/IEC 6048-1:2025 (first learned-codec standard),royalty-free goal; ref SW BSD (contributor patent notice),learned VAE transform + hyperprior + arithmetic coding,lossy (core); no baseline lossless,learned latent (ingests RGB/YCbCr 4:4:4); no fixed subsampling,near-explicit: --set_target_bpp + outer search,JPEG-AI reference VM (torch + C++ entropy libs),~1021 MB model set (+ C++ entropy libs),100%,881,90,100%,no silicon yet; targets NPU/GPU/AI accelerators,none native (needs NN runtime + weights),bit-exact achievable (standardised integer entropy pipeline),"std 2025; ecosystem early (ref SW research-grade, GPU-bound)"
neural_bmshj2018,neural,method: Balle et al. (Google); impl CompressAI (InterDigital),method 2017/18; CompressAI 2020+,NONE (research; CompressAI lib),CompressAI BSD-3 with EXPLICIT patent non-grant,learned VAE + factorized entropy (no hyperprior),no,RGB tensor; no subsampling (joint latent),none; discrete quality 1-8 (content-dependent size),CompressAI + torch,compressai 1.2.8 (~2.0 MB) + 12.06 MB/quality,100%,860,604,n/a,none (general NN; no silicon),none (library-internal format),NOT bit-exact (float-only; cross-device unsupported),research baseline; library maintained
neural_mbt2018_mean,neural,method: Minnen/Balle/Toderici (Google); impl CompressAI (InterDigital),method NeurIPS 2018; CompressAI 2020+,NONE (research; CompressAI lib),CompressAI BSD-3 with EXPLICIT patent non-grant,learned VAE + mean-scale hyperprior (no context),no,RGB tensor; no subsampling (joint latent),none; discrete quality 1-8 (content-dependent size),CompressAI + torch,compressai 1.2.8 (~2.0 MB) + 28.97 MB/quality,100%,746,572,n/a,none (general NN; no silicon),none (library-internal format),NOT bit-exact (float-only; cross-device unsupported),research baseline; library maintained
