id,section,theme,statement,metric,value,unit,dataset,condition,source
F01-feasibility,5,Feasibility,At 1024 B / 112 px the modern codecs keep verification EER within a few hundredths of a percent of the uncompressed reference.,EER webp / jpeg_ai / aligned,0.09 / 0.09 / 0.04,%,colorferet,"arcface, 112 px, 1024 B",accuracy/metrics.csv
F02-idcos-ranking,"5,7",1024 B ranking,"JPEG-AI leads on identity cosine at the 224 px / 1024 B headline cell; Ours-ACCURATE is the runner-up, ahead of AVIF and WebP; legacy JPEG collapses.",id-cos jpeg_ai / ours_accurate / avif / webp / jpeg,0.958 / 0.947 / 0.899 / 0.893 / 0.610,cosine,colorferet,"224 px, 1024 B, median",codec_comparison/res224/comparison.json
F03-512B-collapse,5,512 B budget,Halving the budget to 512 B collapses the block codecs while the byte-budgeted learned codecs degrade gracefully.,EER jpeg / jpeg2000 / ours_accurate / jpeg_ai,33.35 / 19.5 / 0.22 / 0.27,%,colorferet,"arcface, 112 px, 512 B",accuracy/metrics.csv
F04-H4-floor,5.9,Sub-1kB floor,"Classical codecs are flat at >=960 B but spike below ~800 B, while byte-budgeted Ours-ACCURATE stays flat across the whole range (H4).",AVIF EER at 512/768/960/1024 B vs Ours-ACCURATE,AVIF 2.71/0.26/0.11/0.09; Ours-ACC 0.22/0.15/0.15/0.14,%,colorferet,"arcface, 112 px",accuracy/metrics.csv
F05-psnr-proxy,6,Perceptual != utility,PSNR does not reliably predict verification EER across codecs at matched budget: the rank correlation is non-significant at 1024 B and only moderate at 512 B.,"Spearman rho (PSNR vs EER), 1024 B / 512 B","-0.45 (p=0.138, n=12) / -0.74 (p=0.006, n=12)",rank corr.,colorferet,"arcface, 112 px",accuracy/metrics.csv + quality/quality_summary.csv
F06-lpips-lead,6,Perceptual != utility,"Ours-ACCURATE trails ~6 dB in PSNR yet posts the best LPIPS/DISTS of the field, consistent with its perceptual training objective.",PSNR / LPIPS ours_accurate vs webp,28.63 dB / 0.012 vs 33.45 dB / 0.045,"dB, LPIPS",colorferet,"112 px, 1024 B, median",quality/quality_summary.csv
F07-rank-concordance,"5,12",Model effect,The codec ranking is backbone-invariant: the matcher roster ranks the codecs almost identically (strong concordance).,Friedman chi2 / p / Kendall W,friedman_chi2=130.6 friedman_p=1.31e-22 kendall_w=0.848,stats,colorferet,"14 matchers x 12 codecs, 112 px / 1024 B",accuracy/posthoc_scalars.txt
F08-heldout,7.6,Custom codec,"On the held-out CVLFace-IR101 matcher (independent of the EdgeFace side-stream), Ours-ACCURATE is the best codec on KK at both budgets and on ColorFERET at 512 B; JPEG-AI leads it only at ColorFERET 1024 B.",EER KK ours/webp/jpeg2000; CF ours/jpeg_ai,KK 0.92/2.55/29.42; CF 0.08/0.13,%,kk+colorferet,"cvlface_ir101, 112 px, 512 B",accuracy/metrics.csv
F09-budget-fill,7,Hard budget,The binary-search encoder uses nearly the whole byte budget: the median byte fill for Ours-ACCURATE is ~0.98 of the target.,median byte_fill (ours_accurate),0.98,fraction of B,both,all cells,quality/codec_verify.csv
F10-fairness-widening,9,Fairness,Compression widens the Monk skin-tone EER disparity relative to the uncompressed baseline; JPEG 2000 amplifies it by roughly an order of magnitude while the strong codecs stay within ~2x (uniform MST5/6/7/9/10 basis).,jpeg2000 amplification per anchor (arc/lv/topo/edge),13.7 / 11.2 / 20.0 / 4.2,x baseline,kk,"112 px, 1024 B, MST8 excluded",fairness/fairness_kk.csv
F11-fairness-ours,9,Fairness,The learned codec sits inside the strong-codec disparity band on the same uniform basis (no added skin-tone disparity at 1024 B).,Ours-ACCURATE vs WebP vs JPEG2000 disparity (arcface),0.75 / 0.9 / 5.08,pp,kk,"arcface, 112 px, 1024 B",fairness/fairness_kk.csv
F12-recompression-worst,10,Recompression,"The worst 1024 B recompression chain on both datasets is JPEG XL re-encoded as HEIF; every chain through JPEG 2000 stays poor, while same-codec and modern-to-modern chains are benign (<~1 pp delta).","worst-chain EER (CF, KK)",jpeg_xl->heif 17.14 / jpeg_xl->heif 24.17,%,colorferet+kk,"112 px, 1024 B chains",recompression/recompression_*_1024.csv
F13-recompression-512,10,Recompression,At 512 B a new catastrophic chain appears: JPEG 2000 re-encoded as JPEG leaves verification barely above chance.,"worst 512 B chain EER (CF, KK)",jpeg2000->jpeg 46.64 / jpeg2000->jpeg 41.03,%,colorferet+kk,"112 px, 512 B chains",recompression/recompression_*_512.csv
F14-sanitization-budget,11,Adversarial,The byte budget dominates sanitization: at eps=0.06 the residual identity gap under JPEG shrinks about fivefold from 1024 B to 512 B; JPEG 2000 is the strongest sanitizer at every grid point.,"JPEG residual 1024/512 B; JPEG2000 residual 1024 B (eps=0.06, CF)",0.261 / 0.056; jpeg2000 0.069,residual id-cos,colorferet,"HFC, 4-anchor mean",adversarial/sanitization.csv
F15-ours-defense,11,Adversarial,"The trained codecs sanitize like the weaker classical codecs, not like JPEG 2000, and the higher-quality variant is the weaker defense (the refine head re-injects fine detail).",KK residual eps=0.06/512B ours_accurate / ours_fast / jpeg2000,0.218 / 0.164 / 0.002,residual id-cos,kk,"HFC, 4-anchor mean",adversarial/sanitization.csv
F16-significance,12,Significance,"After BH correction only two modern-codec pairs are statistically indistinguishable on ColorFERET; on KK the larger trial count resolves all codec-vs-codec pairs as significant (the single non-significant row is the Ours-ACCURATE vs Ours-FAST head-to-head under LVFace-L at 224 px), though the modern-codec AUC gaps remain operationally negligible.",CF non-significant pairs; KK non-significant of total,avif/webp p_adj=0.89; heif/jpeg_xl p_adj=0.11; heif/ours_fast p_adj=0.28; jpeg_xl/ours_fast p_adj=0.63; KK 7/440 (arcface_antelopev2 112px jpeg/jpeg_xl p_adj=0.315; arcface_antelopev2 112px jpeg_ai/ours_accurate p_adj=0.074; arcface_antelopev2 112px jpeg_fzt/jpeg_xl p_adj=0.061; arcface_antelopev2 224px jpeg_fzt/jpeg_xl p_adj=0.238; lvface_l 112px heif/jpeg_fzt p_adj=0.570; lvface_l 112px heif/jpeg_xl p_adj=0.956; lvface_l 112px jpeg_fzt/jpeg_xl p_adj=0.535),pairs,colorferet+kk,edgeface_xs 112 px/1024 B; KK all cells,accuracy/significance_colorferet.csv [edgeface_xs 112 px 1024 B] + significance_kk.csv
F17-speed,6.3,Speed,Classical encode cost spans three orders of magnitude (JPEG to HEIF); the learned codecs are near-symmetric and recover most of their CPU cost on GPU.,encode ms: jpeg / heif (CPU); ours_accurate CPU->GPU,0.26 / 172.19; 262.45 -> 54.0,ms/crop,colorferet sample,"112 px, 1024 B, single core/GPU",quality/speed_benchmark.csv
F18-resolution,8,Resolution,"Downsampling 224 -> 112 px retains virtually all spectral energy and (for strong matchers) embedding cosine, making 112 px the operating sweet spot under a fixed byte budget.",AC energy retained at 112 px vs 224,0.9997,fraction,kk,clean crops,resolution_information/spectral_retention.csv
