anchor,codec,disparity_pp,disp_lo,disp_hi,n_boot,ratio,ratio_lo,ratio_hi
arcface_antelopev2,aligned,0.35129140326737546,0.15324459222393874,0.7207078779215599,496,,,
arcface_antelopev2,webp,0.5603918955766066,0.25357754102518865,1.2490465959522672,496,1.5705267413484336,1.069919466945516,2.859677348342894
arcface_antelopev2,avif,0.7251479368193509,0.3757685455631147,1.3168634907808774,496,2.032263912447588,1.4099589133995556,3.486366187977824
arcface_antelopev2,heif,0.7872339857309298,0.3803270160525808,1.6228411253300936,496,2.2062632169521126,1.478379862956421,4.697592628196395
arcface_antelopev2,jpeg,0.9709748624918104,0.5525834391581343,1.8201437156971023,496,2.7212063535491366,1.8605877254900485,5.177067331254509
arcface_antelopev2,jpeg_xl,1.095420356369489,0.539011594720783,1.9385367370220992,496,3.0699711688827116,1.950864206124471,6.435252572809581
arcface_antelopev2,jpeg_fzt,0.9055940497254399,0.4171252085926116,1.8177650649467674,496,2.537973306049357,1.5806466284951761,5.672886852844844
arcface_antelopev2,jpeg2000,3.8067481229316718,1.718890596826104,6.990673995037028,496,10.668604902807447,4.53757486589247,29.41567288932957
arcface_antelopev2,ours_accurate,0.5166216628615309,0.2506263844536953,1.0824870917312457,496,1.4478584417233307,1.1001433347347542,2.6137871144084888
arcface_antelopev2,ours_fast,1.0156014204568968,0.6047365077115135,1.9729263629469238,496,2.8462745481674565,2.0624151303882243,5.9507579745469625
lvface_l,aligned,0.32040715612612997,0.1775346747022836,0.7220866030049986,496,,,
lvface_l,webp,0.3862300789373872,0.2405553519185079,0.9628114272732122,496,1.0784923218098026,0.7431093384273417,2.3251450493937837
lvface_l,avif,0.6346831411531868,0.2847233702868157,1.4958118881723312,496,1.7722620061054473,0.9765051657117048,3.729671918451679
lvface_l,heif,0.7889662683511539,0.38564008786587617,1.8261427368061565,496,2.203075599198975,1.1074206126308506,4.94494209877048
lvface_l,jpeg,0.8186163394896646,0.5065992570850255,1.7652564965155682,496,2.285869187290239,1.493529280325162,5.235825670816782
lvface_l,jpeg_xl,0.8005342838081724,0.5097705764401574,1.6005260500871703,496,2.235377629852041,1.3435394384374224,4.576280452847254
lvface_l,jpeg_fzt,0.7149510650891564,0.3821989702499087,1.9606134088746652,496,1.99639871728736,1.0909431983803535,5.464441877959352
lvface_l,jpeg2000,3.1167568700512156,1.5603693815565085,9.820372318176101,496,8.703098325604811,3.8647597386364576,31.32915526523956
lvface_l,ours_accurate,0.6368536706735162,0.27071540638776,1.3297620307907927,496,1.778322899727138,1.013764808634948,3.255020706573227
lvface_l,ours_fast,0.9284372086944083,0.5599457135045431,1.917716700535735,496,2.592528276446771,1.560342582021298,6.0085545467367645
topofr_r100,aligned,0.28323259241097776,0.14780813184125555,0.6419943351169629,496,,,
topofr_r100,webp,0.3513521941503953,0.17537701171414416,1.027298919454506,496,1.0840461815701259,0.8472620768379787,2.465557490131851
topofr_r100,avif,0.4774890386731974,0.22407542857409993,1.0665897549838002,496,1.4732231013013228,0.8974266498393487,3.1074910412141103
topofr_r100,heif,0.5513580653039509,0.25411851537915126,1.316815059084659,496,1.701135257788649,0.8017327950592286,4.18877122602014
topofr_r100,jpeg,0.7805661186861979,0.349842804676656,1.628127946233583,496,2.408323427354451,0.9876626414226962,5.503536263694402
topofr_r100,jpeg_xl,0.8949321914832732,0.41185531056803754,1.7522996992475588,496,2.7611833399462364,1.2473253961221022,5.529055692794039
topofr_r100,jpeg_fzt,0.8685835086501021,0.3659512293857652,1.743630537019181,496,2.6798883046789315,1.334433609956114,5.6888761012573275
topofr_r100,jpeg2000,4.092294548369635,2.074119829873763,7.387372944681419,496,12.626180661110165,4.87046060288381,33.9023213437259
topofr_r100,ours_accurate,0.43253009147303684,0.20779839259094537,1.0632983518711785,496,1.3345087973886938,0.9719893129841526,2.456860779065128
topofr_r100,ours_fast,0.9161526174901081,0.42187902218792583,1.8999908506141177,496,2.8266558833570627,1.558212336671265,5.757595499589757
edgeface_xs,aligned,0.9478368809410241,0.5143570445379568,2.073728654661653,496,,,
edgeface_xs,webp,1.1582436827964264,0.5683331518719484,2.5631064614069885,496,1.1344653645332337,0.9002634162892094,1.635415793374483
edgeface_xs,avif,1.4038873807547394,0.763614402596242,2.6928306971526768,496,1.3750660874111231,1.0739483811048525,2.1978810041336287
edgeface_xs,heif,1.6060433950835185,0.8444103139446105,3.1599054006906506,496,1.5730719128643431,1.082297749748578,2.65358485584962
edgeface_xs,jpeg,2.1542643720539933,1.1413409165623074,3.5025142154684503,496,2.1100381141234674,1.4376075179054648,3.4022872637041544
edgeface_xs,jpeg_xl,1.6655516538353454,0.9049345091886661,3.33754700295015,496,1.6313584888762538,1.10656131309831,2.91920766489624
edgeface_xs,jpeg_fzt,1.4319425933895784,0.633305138833697,3.1136367657183888,496,1.4025453368139744,0.8971925504715988,2.479855701703108
edgeface_xs,jpeg2000,4.424946100613083,2.2353065212636314,8.030176374236337,496,4.334103579094798,2.081261103120468,9.488214482758833
edgeface_xs,ours_accurate,1.1172252588098908,0.5959869930659463,2.2231449889609025,496,1.0942890337561784,0.9418774520403039,1.393211656524557
edgeface_xs,ours_fast,1.4578806444724715,0.7074360333024391,2.8421158433410647,496,1.427950889215513,1.0782036494526739,2.268171352920933
